outcome,specification,family,model,resource,ksc_z_level,estimate,standard_error,ci_low,ci_high,p_value,effect_type,n,clusters,sample_sha256,p_value_holm,reject_holm_05,holm_family,holm_family_size,marginal_association,marginal_standard_error,marginal_ci_low,marginal_ci_high,marginal_unit
cumulative_citations,venue_year_topic,impact,M3_quantity,quantity,-1.0,0.05165931879688927,0.00813515855424284,0.03542586264964196,0.06789277494413659,2.0577792296444562e-08,conditional_linear_slope,29239,69,1b6b84deb2b845abca82df6d98abdae1d2e8d682005decb2759a2810247007cc,8.231116918577825e-08,True,venue_year_topic:impact:quantity:ksc_-1,4,5.301693832047006,0.856645975354038,3.6060834475641865,7.025054465166732,percent_change_in_1_plus_outcome
top10,venue_year_topic,impact,M3_quantity,quantity,-1.0,0.014546881173616286,0.002684822674127391,0.009189400940996685,0.019904361406235888,8.548710371525272e-07,conditional_linear_slope,29239,69,1b6b84deb2b845abca82df6d98abdae1d2e8d682005decb2759a2810247007cc,2.5646131114575814e-06,True,venue_year_topic:impact:quantity:ksc_-1,4,1.4546881173616286,0.2684822674127391,0.9189400940996686,1.9904361406235886,percentage_points
top5,venue_year_topic,impact,M3_quantity,quantity,-1.0,0.011805317240650488,0.002917747712708233,0.00598304233019072,0.017627592151110257,0.00013557132396008323,conditional_linear_slope,29239,69,1b6b84deb2b845abca82df6d98abdae1d2e8d682005decb2759a2810247007cc,0.00027114264792016645,True,venue_year_topic:impact:quantity:ksc_-1,4,1.1805317240650488,0.2917747712708233,0.598304233019072,1.7627592151110256,percentage_points
top1,venue_year_topic,impact,M3_quantity,quantity,-1.0,0.0064710623709812,0.0018698205211979291,0.002739893613580776,0.010202231128381624,0.0009349801597712093,conditional_linear_slope,29239,69,1b6b84deb2b845abca82df6d98abdae1d2e8d682005decb2759a2810247007cc,0.0009349801597712093,True,venue_year_topic:impact:quantity:ksc_-1,4,0.64710623709812,0.1869820521197929,0.27398936135807755,1.0202231128381625,percentage_points
cumulative_citations,venue_year_topic,impact,M3_quantity,quantity,0.0,0.03589165491340813,0.005359336655740922,0.025197265123803998,0.04658604470301226,4.9626886325697985e-09,conditional_linear_slope,29239,69,1b6b84deb2b845abca82df6d98abdae1d2e8d682005decb2759a2810247007cc,1.9850754530279194e-08,True,venue_year_topic:impact:quantity:ksc_+0,4,3.654353600772408,0.5555185767797505,2.551739938924391,4.768822321228089,percent_change_in_1_plus_outcome
top10,venue_year_topic,impact,M3_quantity,quantity,0.0,0.00853860809004332,0.001866057146051722,0.004814949030824467,0.012262267149262172,2.0716723658514405e-05,conditional_linear_slope,29239,69,1b6b84deb2b845abca82df6d98abdae1d2e8d682005decb2759a2810247007cc,6.215017097554322e-05,True,venue_year_topic:impact:quantity:ksc_+0,4,0.8538608090043319,0.18660571460517222,0.4814949030824467,1.2262267149262172,percentage_points
top5,venue_year_topic,impact,M3_quantity,quantity,0.0,0.007516888062610836,0.0016848667441237565,0.004154788821112525,0.010878987304109147,3.136633204124301e-05,conditional_linear_slope,29239,69,1b6b84deb2b845abca82df6d98abdae1d2e8d682005decb2759a2810247007cc,6.273266408248602e-05,True,venue_year_topic:impact:quantity:ksc_+0,4,0.7516888062610836,0.16848667441237564,0.4154788821112525,1.0878987304109147,percentage_points
top1,venue_year_topic,impact,M3_quantity,quantity,0.0,0.004468696605651998,0.0011982335567448906,0.00207765877057089,0.0068597344407331055,0.0003934251197165823,conditional_linear_slope,29239,69,1b6b84deb2b845abca82df6d98abdae1d2e8d682005decb2759a2810247007cc,0.0003934251197165823,True,venue_year_topic:impact:quantity:ksc_+0,4,0.4468696605651998,0.11982335567448905,0.20776587705708902,0.6859734440733105,percentage_points
cumulative_citations,venue_year_topic,impact,M3_quantity,quantity,1.0,0.020123991029926985,0.006526682962476218,0.0071001979530132,0.03314778410684077,0.0029566361448552223,conditional_linear_slope,29239,69,1b6b84deb2b845abca82df6d98abdae1d2e8d682005decb2759a2810247007cc,0.01182654457942089,True,venue_year_topic:impact:quantity:ksc_+1,4,2.032784368413593,0.6659356353513348,0.7125464121366429,3.3703292871623445,percent_change_in_1_plus_outcome
top10,venue_year_topic,impact,M3_quantity,quantity,1.0,0.0025303350064703545,0.0022286237257270716,-0.001916814398065442,0.006977484411006151,0.2602021594390597,conditional_linear_slope,29239,69,1b6b84deb2b845abca82df6d98abdae1d2e8d682005decb2759a2810247007cc,0.2602021594390597,False,venue_year_topic:impact:quantity:ksc_+1,4,0.25303350064703545,0.22286237257270716,-0.1916814398065442,0.6977484411006151,percentage_points
top5,venue_year_topic,impact,M3_quantity,quantity,1.0,0.003228458884571183,0.0013991202890389896,0.00043655781646073644,0.006020359952681629,0.02407775560820357,conditional_linear_slope,29239,69,1b6b84deb2b845abca82df6d98abdae1d2e8d682005decb2759a2810247007cc,0.0722332668246107,False,venue_year_topic:impact:quantity:ksc_+1,4,0.32284588845711826,0.13991202890389895,0.043655781646073644,0.6020359952681629,percentage_points
top1,venue_year_topic,impact,M3_quantity,quantity,1.0,0.0024663308403227954,0.0012944211188233642,-0.00011664628647588575,0.005049307967121476,0.06096316484372461,conditional_linear_slope,29239,69,1b6b84deb2b845abca82df6d98abdae1d2e8d682005decb2759a2810247007cc,0.12192632968744922,False,venue_year_topic:impact:quantity:ksc_+1,4,0.24663308403227954,0.12944211188233642,-0.011664628647588575,0.5049307967121476,percentage_points
cumulative_citations,venue_year_topic,impact,M3_performance,performance,-1.0,0.025945657055579434,0.013791920726412934,-0.0015756922587208955,0.05346700636987976,0.06422357320954132,conditional_linear_slope,29239,69,1b6b84deb2b845abca82df6d98abdae1d2e8d682005decb2759a2810247007cc,0.12844714641908264,False,venue_year_topic:impact:performance:ksc_-1,4,2.6285175599767485,1.4154443784564772,-0.157445150744009,5.492218548100814,percent_change_in_1_plus_outcome
top10,venue_year_topic,impact,M3_performance,performance,-1.0,0.00977026109027486,0.0053269851068360255,-0.000859572188605915,0.020400094369155634,0.07101372185196281,conditional_linear_slope,29239,69,1b6b84deb2b845abca82df6d98abdae1d2e8d682005decb2759a2810247007cc,0.12844714641908264,False,venue_year_topic:impact:performance:ksc_-1,4,0.9770261090274859,0.5326985106836025,-0.0859572188605915,2.0400094369155632,percentage_points
top5,venue_year_topic,impact,M3_performance,performance,-1.0,0.014815982949916942,0.00397993424296274,0.0068741478189510395,0.022757818080882845,0.0004022334249374561,conditional_linear_slope,29239,69,1b6b84deb2b845abca82df6d98abdae1d2e8d682005decb2759a2810247007cc,0.0016089336997498244,True,venue_year_topic:impact:performance:ksc_-1,4,1.4815982949916942,0.39799342429627405,0.687414781895104,2.2757818080882846,percentage_points
top1,venue_year_topic,impact,M3_performance,performance,-1.0,0.008928882472413588,0.0034609344286984575,0.002022695346229921,0.015835069598597255,0.012047804044055144,conditional_linear_slope,29239,69,1b6b84deb2b845abca82df6d98abdae1d2e8d682005decb2759a2810247007cc,0.03614341213216543,True,venue_year_topic:impact:performance:ksc_-1,4,0.8928882472413588,0.3460934428698458,0.20226953462299213,1.5835069598597256,percentage_points
cumulative_citations,venue_year_topic,impact,M3_performance,performance,0.0,0.018047867975524684,0.01071798859022738,-0.003339545263693601,0.03943528121474297,0.09678929460310946,conditional_linear_slope,29239,69,1b6b84deb2b845abca82df6d98abdae1d2e8d682005decb2759a2810247007cc,0.2903678838093284,False,venue_year_topic:impact:performance:ksc_+0,4,1.8211714956726688,1.091318154334205,-0.33339751846450294,4.022317472614808,percent_change_in_1_plus_outcome
top10,venue_year_topic,impact,M3_performance,performance,0.0,0.007384100983655571,0.004455066173724498,-0.0015058451534756944,0.01627404712078684,0.10203313760777484,conditional_linear_slope,29239,69,1b6b84deb2b845abca82df6d98abdae1d2e8d682005decb2759a2810247007cc,0.2903678838093284,False,venue_year_topic:impact:performance:ksc_+0,4,0.7384100983655572,0.4455066173724498,-0.15058451534756945,1.6274047120786839,percentage_points
top5,venue_year_topic,impact,M3_performance,performance,0.0,0.008605246205698934,0.0033200832914289397,0.0019801231478931503,0.015230369263504719,0.011673570846424607,conditional_linear_slope,29239,69,1b6b84deb2b845abca82df6d98abdae1d2e8d682005decb2759a2810247007cc,0.04669428338569843,True,venue_year_topic:impact:performance:ksc_+0,4,0.8605246205698934,0.33200832914289397,0.19801231478931502,1.523036926350472,percentage_points
top1,venue_year_topic,impact,M3_performance,performance,0.0,0.004972531283693633,0.002972765579450511,-0.0009595300705238976,0.010904592637911164,0.09898248057371463,conditional_linear_slope,29239,69,1b6b84deb2b845abca82df6d98abdae1d2e8d682005decb2759a2810247007cc,0.2903678838093284,False,venue_year_topic:impact:performance:ksc_+0,4,0.4972531283693633,0.2972765579450511,-0.09595300705238977,1.0904592637911164,percentage_points
cumulative_citations,venue_year_topic,impact,M3_performance,performance,1.0,0.010150078895469932,0.011014404873600066,-0.011828823827988453,0.03212898161892832,0.36003298864377814,conditional_linear_slope,29239,69,1b6b84deb2b845abca82df6d98abdae1d2e8d682005decb2759a2810247007cc,1.0,False,venue_year_topic:impact:performance:ksc_+1,4,1.0201765673203123,1.112677125115032,-1.175913832787897,3.2650689673507585,percent_change_in_1_plus_outcome
top10,venue_year_topic,impact,M3_performance,performance,1.0,0.004997940877036283,0.005095887813325091,-0.005170744932505897,0.015166626686578463,0.3301782916591782,conditional_linear_slope,29239,69,1b6b84deb2b845abca82df6d98abdae1d2e8d682005decb2759a2810247007cc,1.0,False,venue_year_topic:impact:performance:ksc_+1,4,0.4997940877036283,0.5095887813325091,-0.5170744932505897,1.5166626686578464,percentage_points
top5,venue_year_topic,impact,M3_performance,performance,1.0,0.002394509461480927,0.004531711247271094,-0.0066483795386597265,0.01143739846162158,0.5989492159690335,conditional_linear_slope,29239,69,1b6b84deb2b845abca82df6d98abdae1d2e8d682005decb2759a2810247007cc,1.0,False,venue_year_topic:impact:performance:ksc_+1,4,0.23945094614809267,0.4531711247271094,-0.6648379538659727,1.143739846162158,percentage_points
top1,venue_year_topic,impact,M3_performance,performance,1.0,0.0010161800949736784,0.003274888211008718,-0.00551875758400008,0.007551117773947437,0.7572859876147022,conditional_linear_slope,29239,69,1b6b84deb2b845abca82df6d98abdae1d2e8d682005decb2759a2810247007cc,1.0,False,venue_year_topic:impact:performance:ksc_+1,4,0.10161800949736785,0.3274888211008718,-0.551875758400008,0.7551117773947437,percentage_points
cumulative_citations,venue_year_topic,impact,M3_memory,memory,-1.0,0.07380362058026599,0.01572548447985681,0.042423904869029534,0.10518333629150245,1.3460355041847625e-05,conditional_linear_slope,29239,69,1b6b84deb2b845abca82df6d98abdae1d2e8d682005decb2759a2810247007cc,5.38414201673905e-05,True,venue_year_topic:impact:memory:ksc_-1,4,7.659536356269254,1.692998368079092,4.333666051306921,11.091426258779233,percent_change_in_1_plus_outcome
top10,venue_year_topic,impact,M3_memory,memory,-1.0,0.0238499710319203,0.005274469945032687,0.0133249301268471,0.0343750119369935,2.5212734641958447e-05,conditional_linear_slope,29239,69,1b6b84deb2b845abca82df6d98abdae1d2e8d682005decb2759a2810247007cc,7.563820392587534e-05,True,venue_year_topic:impact:memory:ksc_-1,4,2.3849971031920303,0.5274469945032687,1.3324930126847099,3.43750119369935,percentage_points
top5,venue_year_topic,impact,M3_memory,memory,-1.0,0.020448639377341545,0.004828112092928445,0.010814291698442115,0.030082987056240976,7.019030239889301e-05,conditional_linear_slope,29239,69,1b6b84deb2b845abca82df6d98abdae1d2e8d682005decb2759a2810247007cc,0.00014038060479778602,True,venue_year_topic:impact:memory:ksc_-1,4,2.0448639377341546,0.4828112092928445,1.0814291698442116,3.0082987056240977,percentage_points
top1,venue_year_topic,impact,M3_memory,memory,-1.0,0.007287974811644616,0.0021731605364069505,0.002951500478235133,0.0116244491450541,0.0013068759360600078,conditional_linear_slope,29239,69,1b6b84deb2b845abca82df6d98abdae1d2e8d682005decb2759a2810247007cc,0.0013068759360600078,True,venue_year_topic:impact:memory:ksc_-1,4,0.7287974811644616,0.21731605364069506,0.2951500478235133,1.1624449145054099,percentage_points
cumulative_citations,venue_year_topic,impact,M3_memory,memory,0.0,0.06744617430021613,0.011425471413424865,0.04464700106778699,0.09024534753264526,1.2545766246313247e-07,conditional_linear_slope,29239,69,1b6b84deb2b845abca82df6d98abdae1d2e8d682005decb2759a2810247007cc,5.018306498525299e-07,True,venue_year_topic:impact:memory:ksc_+0,4,6.977267678526072,1.2222657137472992,4.5658678355284765,9.444276960083055,percent_change_in_1_plus_outcome
top10,venue_year_topic,impact,M3_memory,memory,0.0,0.021476483481068988,0.004014050619116661,0.013466570181434963,0.029486396780703014,1.1134651669747785e-06,conditional_linear_slope,29239,69,1b6b84deb2b845abca82df6d98abdae1d2e8d682005decb2759a2810247007cc,3.3403955009243353e-06,True,venue_year_topic:impact:memory:ksc_+0,4,2.1476483481068986,0.4014050619116661,1.3466570181434963,2.9486396780703013,percentage_points
top5,venue_year_topic,impact,M3_memory,memory,0.0,0.014859916461032817,0.0036203603047669395,0.007635599952288509,0.022084232969777125,0.00011079473198443401,conditional_linear_slope,29239,69,1b6b84deb2b845abca82df6d98abdae1d2e8d682005decb2759a2810247007cc,0.00022158946396886803,True,venue_year_topic:impact:memory:ksc_+0,4,1.4859916461032816,0.36203603047669397,0.7635599952288509,2.2084232969777124,percentage_points
top1,venue_year_topic,impact,M3_memory,memory,0.0,0.00377523306401115,0.0015598475221943917,0.0006626057957044179,0.006887860332317882,0.018186571379261475,conditional_linear_slope,29239,69,1b6b84deb2b845abca82df6d98abdae1d2e8d682005decb2759a2810247007cc,0.018186571379261475,True,venue_year_topic:impact:memory:ksc_+0,4,0.377523306401115,0.15598475221943917,0.06626057957044179,0.6887860332317882,percentage_points
cumulative_citations,venue_year_topic,impact,M3_memory,memory,1.0,0.061088728020166266,0.013045127325261667,0.03505758173606012,0.08711987430427241,1.3985292123544581e-05,conditional_linear_slope,29239,69,1b6b84deb2b845abca82df6d98abdae1d2e8d682005decb2759a2810247007cc,5.5941168494178325e-05,True,venue_year_topic:impact:memory:ksc_+1,4,6.299322728753342,1.386688199585669,3.5679343297266493,9.102745803711546,percent_change_in_1_plus_outcome
top10,venue_year_topic,impact,M3_memory,memory,1.0,0.019102995930217675,0.0049500604174630945,0.009225304158469429,0.02898068770196592,0.0002556962915250915,conditional_linear_slope,29239,69,1b6b84deb2b845abca82df6d98abdae1d2e8d682005decb2759a2810247007cc,0.0007670888745752744,True,venue_year_topic:impact:memory:ksc_+1,4,1.9102995930217674,0.49500604174630947,0.9225304158469428,2.898068770196592,percentage_points
top5,venue_year_topic,impact,M3_memory,memory,1.0,0.00927119354472409,0.00459546763929859,0.000101080645112505,0.018441306444335673,0.04759617791303162,conditional_linear_slope,29239,69,1b6b84deb2b845abca82df6d98abdae1d2e8d682005decb2759a2810247007cc,0.09519235582606324,False,venue_year_topic:impact:memory:ksc_+1,4,0.9271193544724089,0.45954676392985905,0.0101080645112505,1.8441306444335674,percentage_points
top1,venue_year_topic,impact,M3_memory,memory,1.0,0.0002624913163776837,0.002062130577428935,-0.00385242618343324,0.004377408816188607,0.8990855052526824,conditional_linear_slope,29239,69,1b6b84deb2b845abca82df6d98abdae1d2e8d682005decb2759a2810247007cc,0.8990855052526824,False,venue_year_topic:impact:memory:ksc_+1,4,0.02624913163776837,0.2062130577428935,-0.38524261834332396,0.4377408816188607,percentage_points
cumulative_citations,venue_year_topic,impact,M3_api,api,-1.0,0.18138610389505058,0.04207281302402828,0.09743111264774527,0.2653410951423559,5.367828048237276e-05,api_discrete_difference_lpm,29239,69,1b6b84deb2b845abca82df6d98abdae1d2e8d682005decb2759a2810247007cc,0.00021471312192949103,True,venue_year_topic:impact:api:ksc_-1,4,19.887798140091135,5.044016915010499,10.233550197369016,30.387564558564733,percent_change_in_1_plus_outcome
top10,venue_year_topic,impact,M3_api,api,-1.0,0.05602896277709629,0.015350255508700157,0.025398004819975322,0.08665992073421726,0.0005100284478690337,api_discrete_difference_lpm,29239,69,1b6b84deb2b845abca82df6d98abdae1d2e8d682005decb2759a2810247007cc,0.0010200568957380674,True,venue_year_topic:impact:api:ksc_-1,4,5.602896277709629,1.5350255508700157,2.539800481997532,8.665992073421727,percentage_points
top5,venue_year_topic,impact,M3_api,api,-1.0,0.04409888782909035,0.010774038865101304,0.022599628007763044,0.06559814765041766,0.00011528065770268253,api_discrete_difference_lpm,29239,69,1b6b84deb2b845abca82df6d98abdae1d2e8d682005decb2759a2810247007cc,0.0003458419731080476,True,venue_year_topic:impact:api:ksc_-1,4,4.409888782909035,1.0774038865101305,2.259962800776304,6.559814765041766,percentage_points
top1,venue_year_topic,impact,M3_api,api,-1.0,0.017176983435384062,0.004809115285481381,0.007580543295541604,0.02677342357522652,0.000656808098336296,api_discrete_difference_lpm,29239,69,1b6b84deb2b845abca82df6d98abdae1d2e8d682005decb2759a2810247007cc,0.0010200568957380674,True,venue_year_topic:impact:api:ksc_-1,4,1.7176983435384061,0.48091152854813807,0.7580543295541604,2.677342357522652,percentage_points
cumulative_citations,venue_year_topic,impact,M3_api,api,0.0,0.14626286096010568,0.033426642692736167,0.07956103398474426,0.2129646879354671,4.267855515801335e-05,api_discrete_difference_lpm,29239,69,1b6b84deb2b845abca82df6d98abdae1d2e8d682005decb2759a2810247007cc,0.0001707142206320534,True,venue_year_topic:impact:api:ksc_+0,4,15.750040973406806,3.8691352612876404,8.281164582213549,23.73409574084083,percent_change_in_1_plus_outcome
top10,venue_year_topic,impact,M3_api,api,0.0,0.043861786802388475,0.011983682351342518,0.019948720986160344,0.0677748526186166,0.0004935557851167376,api_discrete_difference_lpm,29239,69,1b6b84deb2b845abca82df6d98abdae1d2e8d682005decb2759a2810247007cc,0.0010963352398060994,True,venue_year_topic:impact:api:ksc_+0,4,4.386178680238848,1.1983682351342517,1.9948720986160344,6.77748526186166,percentage_points
top5,venue_year_topic,impact,M3_api,api,0.0,0.03130341712119302,0.008343594363506823,0.014654033792361996,0.04795280045002405,0.0003654450799353664,api_discrete_difference_lpm,29239,69,1b6b84deb2b845abca82df6d98abdae1d2e8d682005decb2759a2810247007cc,0.0010963352398060994,True,venue_year_topic:impact:api:ksc_+0,4,3.1303417121193022,0.8343594363506823,1.4654033792361996,4.795280045002405,percentage_points
top1,venue_year_topic,impact,M3_api,api,0.0,0.007005329144375171,0.0026742357173397302,0.0016689748551037388,0.012341683433646604,0.01084813892234386,api_discrete_difference_lpm,29239,69,1b6b84deb2b845abca82df6d98abdae1d2e8d682005decb2759a2810247007cc,0.01084813892234386,True,venue_year_topic:impact:api:ksc_+0,4,0.7005329144375171,0.267423571733973,0.1668974855103739,1.2341683433646604,percentage_points
cumulative_citations,venue_year_topic,impact,M3_api,api,1.0,0.11113961802516079,0.03534441795815876,0.04061093009018396,0.1816683059601376,0.0024670666848313197,api_discrete_difference_lpm,29239,69,1b6b84deb2b845abca82df6d98abdae1d2e8d682005decb2759a2810247007cc,0.009868266739325279,True,venue_year_topic:impact:api:ksc_+1,4,11.755092621598212,3.9499187025705114,4.144683108589442,19.921635498566662,percent_change_in_1_plus_outcome
top10,venue_year_topic,impact,M3_api,api,1.0,0.03169461082768066,0.01363700949574249,0.0044823820613127605,0.058906839594048556,0.02311199427400841,api_discrete_difference_lpm,29239,69,1b6b84deb2b845abca82df6d98abdae1d2e8d682005decb2759a2810247007cc,0.06933598282202523,False,venue_year_topic:impact:api:ksc_+1,4,3.169461082768066,1.3637009495742491,0.4482382061312761,5.890683959404855,percentage_points
top5,venue_year_topic,impact,M3_api,api,1.0,0.018507946413295694,0.01009290745570999,-0.0016321368423702215,0.03864802966896161,0.07106624530176898,api_discrete_difference_lpm,29239,69,1b6b84deb2b845abca82df6d98abdae1d2e8d682005decb2759a2810247007cc,0.14213249060353797,False,venue_year_topic:impact:api:ksc_+1,4,1.8507946413295693,1.009290745570999,-0.16321368423702215,3.864802966896161,percentage_points
top1,venue_year_topic,impact,M3_api,api,1.0,-0.00316632514663372,0.003817894339920881,-0.010784814685427687,0.004452164392160248,0.4098149970192989,api_discrete_difference_lpm,29239,69,1b6b84deb2b845abca82df6d98abdae1d2e8d682005decb2759a2810247007cc,0.4098149970192989,False,venue_year_topic:impact:api:ksc_+1,4,-0.316632514663372,0.3817894339920881,-1.0784814685427686,0.4452164392160248,percentage_points
