model,label,rows,tp,fp,fn,precision,recall,f1,tn,support,predicted_positive
teacher,L1_INTERNAL,2472,252,15,5,0.9438202247191011,0.980544747081712,0.9618320610687023,2200,257,267
teacher,L2_CLOUD,2472,167,18,1,0.9027027027027027,0.9940476190476191,0.9461756373937676,2286,168,185
teacher,L3_PUBLIC_HPC,2472,173,2,7,0.9885714285714285,0.9611111111111111,0.9746478873239437,2290,180,175
teacher,L4_EXTERNAL_API,2472,197,8,29,0.9609756097560975,0.8716814159292036,0.9141531322505799,2238,226,205
bert_base,L1_INTERNAL,4658,391,68,28,0.8518518518518519,0.9331742243436754,0.8906605922551253,4171,419,459
bert_base,L2_CLOUD,4658,149,38,30,0.7967914438502673,0.8324022346368715,0.8142076502732241,4441,179,187
bert_base,L3_PUBLIC_HPC,4658,172,15,12,0.9197860962566845,0.9347826086956522,0.9272237196765498,4459,184,187
bert_base,L4_EXTERNAL_API,4658,251,84,29,0.7492537313432835,0.8964285714285715,0.8162601626016259,4294,280,335
roberta_base,L1_INTERNAL,4658,379,55,40,0.8732718894009217,0.9045346062052506,0.8886283704572099,4184,419,434
roberta_base,L2_CLOUD,4658,150,36,29,0.8064516129032258,0.8379888268156425,0.821917808219178,4443,179,186
roberta_base,L3_PUBLIC_HPC,4658,177,11,7,0.9414893617021277,0.9619565217391305,0.9516129032258065,4463,184,188
roberta_base,L4_EXTERNAL_API,4658,262,51,18,0.8370607028753994,0.9357142857142857,0.8836424957841483,4327,280,313
scibert,L1_INTERNAL,4658,387,54,32,0.8775510204081632,0.9236276849642004,0.8999999999999999,4185,419,441
scibert,L2_CLOUD,4658,151,21,28,0.877906976744186,0.8435754189944135,0.8603988603988604,4458,179,172
scibert,L3_PUBLIC_HPC,4658,172,6,12,0.9662921348314607,0.9347826086956522,0.9502762430939227,4468,184,178
scibert,L4_EXTERNAL_API,4658,247,29,33,0.894927536231884,0.8821428571428571,0.8884892086330936,4349,280,276
