benchmark_gpu_name,benchmark_generation,benchmark_tensor_fp16_bf16_flops,generation_mean_flops,donor_model_count,original_performance_flops,imputed,supplemented_performance_flops,status
AMD Instinct MI210,CDNA 2,181000000000000.0,282000000000000.0,2.0,181000000000000.0,False,181000000000000.0,original
AMD Instinct MI300A,CDNA 3,980600000000000.0,1144000000000000.0,2.0,980600000000000.0,False,980600000000000.0,original
AMD Instinct MI300X,CDNA 3,1307400000000000.0,1144000000000000.0,2.0,1307400000000000.0,False,1307400000000000.0,original
AMD Instinct MI350X,CDNA 4,2309600000000000.0,2413100000000000.0,2.0,2309600000000000.0,False,2309600000000000.0,original
AMD Instinct MI355X,CDNA 4,2516600000000000.0,2413100000000000.0,2.0,2516600000000000.0,False,2516600000000000.0,original
AMD Radeon Instinct MI250X,CDNA 2,383000000000000.0,282000000000000.0,2.0,383000000000000.0,False,383000000000000.0,original
AMD Radeon Instinct MI300,CDNA 3,,1144000000000000.0,2.0,,True,1144000000000000.0,generation_mean_imputed
AMD Radeon Pro WX 9100,Vega,24600000000000.0,24600000000000.0,1.0,24600000000000.0,False,24600000000000.0,original
Huawei Ascend 310,Ascend 310,,,,,False,,no_generation_donor
Huawei Ascend 910,Ascend 910,,,,,False,,no_generation_donor
Huawei Ascend 910B,Ascend 910B,,,,,False,,no_generation_donor
Huawei Ascend 910B3,Ascend 910B,,,,,False,,no_generation_donor
Huawei Ascend 910B4,Ascend 910B,,,,,False,,no_generation_donor
NVIDIA A10,Ampere,125000000000000.0,188088000000000.0,25.0,125000000000000.0,False,125000000000000.0,original
NVIDIA A10 PCIe,Ampere,165000000000000.0,188088000000000.0,25.0,165000000000000.0,False,165000000000000.0,original
NVIDIA A100,Ampere,312000000000000.0,188088000000000.0,25.0,312000000000000.0,False,312000000000000.0,original
NVIDIA A100 PCIe,Ampere,312000000000000.0,188088000000000.0,25.0,312000000000000.0,False,312000000000000.0,original
NVIDIA A100 PCIe 80GB,Ampere,312000000000000.0,188088000000000.0,25.0,312000000000000.0,False,312000000000000.0,original
NVIDIA A100 SXM4 40 GB,Ampere,312000000000000.0,188088000000000.0,25.0,312000000000000.0,False,312000000000000.0,original
NVIDIA A100 SXM4 80 GB,Ampere,312000000000000.0,188088000000000.0,25.0,312000000000000.0,False,312000000000000.0,original
NVIDIA A10G,Ampere,125000000000000.0,188088000000000.0,25.0,125000000000000.0,False,125000000000000.0,original
NVIDIA A30,Ampere,165000000000000.0,188088000000000.0,25.0,165000000000000.0,False,165000000000000.0,original
NVIDIA A40 PCIe,Ampere,149700000000000.0,188088000000000.0,25.0,149700000000000.0,False,149700000000000.0,original
NVIDIA A800 PCIe 40 GB,Ampere,311800000000000.0,188088000000000.0,25.0,311800000000000.0,False,311800000000000.0,original
NVIDIA A800 PCIe 80 GB,Ampere,312000000000000.0,188088000000000.0,25.0,312000000000000.0,False,312000000000000.0,original
NVIDIA A800 SXM,Ampere,311800000000000.0,188088000000000.0,25.0,311800000000000.0,False,311800000000000.0,original
NVIDIA B100,Blackwell,1750000000000000.0,1729750000000000.0,4.0,1750000000000000.0,False,1750000000000000.0,original
NVIDIA B200,Blackwell,2250000000000000.0,1729750000000000.0,4.0,2250000000000000.0,False,2250000000000000.0,original
NVIDIA DGX-1,Pascal,125000000000000.0,72850000000000.0,2.0,125000000000000.0,False,125000000000000.0,original
NVIDIA GB200,Blackwell,2500000000000000.0,1729750000000000.0,4.0,2500000000000000.0,False,2500000000000000.0,original
NVIDIA GH200,Hopper,989500000000000.0,852822222222222.2,9.0,989500000000000.0,False,989500000000000.0,original
NVIDIA GeForce GTX 1050,Pascal,,72850000000000.0,2.0,,True,72850000000000.0,generation_mean_imputed
NVIDIA GeForce GTX 1060,Pascal,,72850000000000.0,2.0,,True,72850000000000.0,generation_mean_imputed
NVIDIA GeForce GTX 1070,Pascal,,72850000000000.0,2.0,,True,72850000000000.0,generation_mean_imputed
NVIDIA GeForce GTX 1080,Pascal,,72850000000000.0,2.0,,True,72850000000000.0,generation_mean_imputed
NVIDIA GeForce GTX 1080 Ti,Pascal,,72850000000000.0,2.0,,True,72850000000000.0,generation_mean_imputed
NVIDIA GeForce GTX 1650,Turing,,104027272727272.73,11.0,,True,104027272727272.73,generation_mean_imputed
NVIDIA GeForce GTX 580,Fermi,,,,,False,,no_generation_donor
NVIDIA GeForce GTX 780,Kepler,,,,,False,,no_generation_donor
NVIDIA GeForce GTX 960,Maxwell,,,,,False,,no_generation_donor
NVIDIA GeForce GTX 980,Maxwell,,,,,False,,no_generation_donor
NVIDIA GeForce GTX 980 Ti,Maxwell,,,,,False,,no_generation_donor
NVIDIA GeForce GTX TITAN,Kepler,,,,,False,,no_generation_donor
NVIDIA GeForce GTX TITAN X,Maxwell,,,,,False,,no_generation_donor
NVIDIA GeForce GTX Titan Black,Kepler,,,,,False,,no_generation_donor
NVIDIA GeForce MX110,Maxwell,,,,,False,,no_generation_donor
NVIDIA GeForce RTX 2060 SUPER,Turing,,104027272727272.73,11.0,,True,104027272727272.73,generation_mean_imputed
NVIDIA GeForce RTX 2070,Turing,,104027272727272.73,11.0,,True,104027272727272.73,generation_mean_imputed
NVIDIA GeForce RTX 2070 SUPER,Turing,73000000000000.0,104027272727272.73,11.0,73000000000000.0,False,73000000000000.0,original
NVIDIA GeForce RTX 2080,Turing,107000000000000.0,104027272727272.73,11.0,107000000000000.0,False,107000000000000.0,original
NVIDIA GeForce RTX 2080 SUPER,Turing,89000000000000.0,104027272727272.73,11.0,89000000000000.0,False,89000000000000.0,original
NVIDIA GeForce RTX 2080 Ti,Turing,113800000000000.0,104027272727272.73,11.0,113800000000000.0,False,113800000000000.0,original
NVIDIA GeForce RTX 2080 Ti 11GB,Turing,113800000000000.0,104027272727272.73,11.0,113800000000000.0,False,113800000000000.0,original
NVIDIA GeForce RTX 3050,Ampere,,188088000000000.0,25.0,,True,188088000000000.0,generation_mean_imputed
NVIDIA GeForce RTX 3060,Ampere,147000000000000.0,188088000000000.0,25.0,147000000000000.0,False,147000000000000.0,original
NVIDIA GeForce RTX 3060 Ti,Ampere,71000000000000.0,188088000000000.0,25.0,71000000000000.0,False,71000000000000.0,original
NVIDIA GeForce RTX 3070,Ampere,,188088000000000.0,25.0,,True,188088000000000.0,generation_mean_imputed
NVIDIA GeForce RTX 3070 Ti,Ampere,87000000000000.0,188088000000000.0,25.0,87000000000000.0,False,87000000000000.0,original
NVIDIA GeForce RTX 3080,Ampere,,188088000000000.0,25.0,,True,188088000000000.0,generation_mean_imputed
NVIDIA GeForce RTX 3080 Ti,Ampere,136400000000000.0,188088000000000.0,25.0,136400000000000.0,False,136400000000000.0,original
NVIDIA GeForce RTX 3090,Ampere,71000000000000.0,188088000000000.0,25.0,71000000000000.0,False,71000000000000.0,original
NVIDIA GeForce RTX 3090 Ti,Ampere,160000000000000.0,188088000000000.0,25.0,160000000000000.0,False,160000000000000.0,original
NVIDIA GeForce RTX 4060 Ti,Ada Lovelace,44200000000001.0,160955555555555.66,9.0,44200000000001.0,False,44200000000001.0,original
NVIDIA GeForce RTX 4070,Ada Lovelace,116600000000000.0,160955555555555.66,9.0,116600000000000.0,False,116600000000000.0,original
NVIDIA GeForce RTX 4070 Ti,Ada Lovelace,160400000000000.0,160955555555555.66,9.0,160400000000000.0,False,160400000000000.0,original
NVIDIA GeForce RTX 4080,Ada Lovelace,194900000000000.0,160955555555555.66,9.0,194900000000000.0,False,194900000000000.0,original
NVIDIA GeForce RTX 4090,Ada Lovelace,330000000000000.0,160955555555555.66,9.0,330000000000000.0,False,330000000000000.0,original
NVIDIA GeForce RTX 5090,Blackwell,419000000000000.0,1729750000000000.0,4.0,419000000000000.0,False,419000000000000.0,original
NVIDIA H100 NVL,Hopper,835500000000000.0,852822222222222.2,9.0,835500000000000.0,False,835500000000000.0,original
NVIDIA H100 PCIe,Hopper,756000000000000.0,852822222222222.2,9.0,756000000000000.0,False,756000000000000.0,original
NVIDIA H100 SXM5 80GB,Hopper,989400000000000.0,852822222222222.2,9.0,989400000000000.0,False,989400000000000.0,original
NVIDIA H200 PCIe,Hopper,989500000000000.0,852822222222222.2,9.0,989500000000000.0,False,989500000000000.0,original
NVIDIA H200 SXM,Hopper,989500000000000.0,852822222222222.2,9.0,989500000000000.0,False,989500000000000.0,original
NVIDIA H800 PCIe,Hopper,989000000000000.0,852822222222222.2,9.0,989000000000000.0,False,989000000000000.0,original
NVIDIA H800 SXM5,Hopper,989000000000000.0,852822222222222.2,9.0,989000000000000.0,False,989000000000000.0,original
NVIDIA HGX H20,Hopper,148000000000000.0,852822222222222.2,9.0,148000000000000.0,False,148000000000000.0,original
NVIDIA Jetson Orin Nano 8GB,Ampere,17000000000000.0,188088000000000.0,25.0,17000000000000.0,False,17000000000000.0,original
NVIDIA L20 PCle,Ada Lovelace,119500000000000.0,160955555555555.66,9.0,119500000000000.0,False,119500000000000.0,original
NVIDIA L4,Ada Lovelace,121000000000000.0,160955555555555.66,9.0,121000000000000.0,False,121000000000000.0,original
NVIDIA L40,Ada Lovelace,181000000000000.0,160955555555555.66,9.0,181000000000000.0,False,181000000000000.0,original
NVIDIA L40S,Ada Lovelace,181000000000000.0,160955555555555.66,9.0,181000000000000.0,False,181000000000000.0,original
NVIDIA M40,Maxwell,,,,,False,,no_generation_donor
NVIDIA P100,Pascal,,72850000000000.0,2.0,,True,72850000000000.0,generation_mean_imputed
NVIDIA P40,Pascal,,72850000000000.0,2.0,,True,72850000000000.0,generation_mean_imputed
NVIDIA Quadro GP100,Pascal,20700000000000.0,72850000000000.0,2.0,20700000000000.0,False,20700000000000.0,original
NVIDIA Quadro GV100,Volta,118500000000000.0,121944444444444.44,9.0,118500000000000.0,False,118500000000000.0,original
NVIDIA Quadro K1200,Kepler,,,,,False,,no_generation_donor
NVIDIA Quadro K4000,Kepler,,,,,False,,no_generation_donor
NVIDIA Quadro K6000,Kepler,,,,,False,,no_generation_donor
NVIDIA Quadro M4000,Maxwell,,,,,False,,no_generation_donor
NVIDIA Quadro P1000,Pascal,,72850000000000.0,2.0,,True,72850000000000.0,generation_mean_imputed
NVIDIA Quadro P4000,Pascal,,72850000000000.0,2.0,,True,72850000000000.0,generation_mean_imputed
NVIDIA Quadro P5000,Pascal,,72850000000000.0,2.0,,True,72850000000000.0,generation_mean_imputed
NVIDIA Quadro P600,Pascal,,72850000000000.0,2.0,,True,72850000000000.0,generation_mean_imputed
NVIDIA Quadro P6000,Pascal,,72850000000000.0,2.0,,True,72850000000000.0,generation_mean_imputed
NVIDIA Quadro RTX 4000,Turing,57000000000000.0,104027272727272.73,11.0,57000000000000.0,False,57000000000000.0,original
NVIDIA Quadro RTX 5000,Turing,130500000000000.0,104027272727272.73,11.0,130500000000000.0,False,130500000000000.0,original
NVIDIA Quadro RTX 6000,Turing,89200000000000.0,104027272727272.73,11.0,89200000000000.0,False,89200000000000.0,original
NVIDIA Quadro RTX 8000,Turing,110000000000000.0,104027272727272.73,11.0,110000000000000.0,False,110000000000000.0,original
NVIDIA RTX 2000 Ada Generation,Ada Lovelace,,160955555555555.66,9.0,,True,160955555555555.66,generation_mean_imputed
NVIDIA RTX 5880 Ada Generation,Ada Lovelace,,160955555555555.66,9.0,,True,160955555555555.66,generation_mean_imputed
NVIDIA RTX 6000 Ada Generation,Ada Lovelace,,160955555555555.66,9.0,,True,160955555555555.66,generation_mean_imputed
NVIDIA RTX A4000,Ampere,153400000000000.0,188088000000000.0,25.0,153400000000000.0,False,153400000000000.0,original
NVIDIA RTX A4500,Ampere,95000000000000.0,188088000000000.0,25.0,95000000000000.0,False,95000000000000.0,original
NVIDIA RTX A5000,Ampere,222200000000000.0,188088000000000.0,25.0,222200000000000.0,False,222200000000000.0,original
NVIDIA RTX A5500,Ampere,197800000000000.0,188088000000000.0,25.0,197800000000000.0,False,197800000000000.0,original
NVIDIA RTX A6000,Ampere,119100000000000.0,188088000000000.0,25.0,119100000000000.0,False,119100000000000.0,original
NVIDIA TESLA M60,Maxwell,,,,,False,,no_generation_donor
NVIDIA TITAN RTX,Turing,130500000000000.0,104027272727272.73,11.0,130500000000000.0,False,130500000000000.0,original
NVIDIA TITAN X Pascal,Pascal,,72850000000000.0,2.0,,True,72850000000000.0,generation_mean_imputed
NVIDIA TITAN Xp,Pascal,,72850000000000.0,2.0,,True,72850000000000.0,generation_mean_imputed
NVIDIA Tesla C2050,Fermi,,,,,False,,no_generation_donor
NVIDIA Tesla K20X,Kepler,,,,,False,,no_generation_donor
NVIDIA Tesla K20c,Kepler,,,,,False,,no_generation_donor
NVIDIA Tesla K40c,Kepler,,,,,False,,no_generation_donor
NVIDIA Tesla K40m,Kepler,,,,,False,,no_generation_donor
NVIDIA Tesla K40s,Kepler,,,,,False,,no_generation_donor
NVIDIA Tesla K80,Kepler,,,,,False,,no_generation_donor
NVIDIA Tesla P100 PCIe 12GB,Pascal,,72850000000000.0,2.0,,True,72850000000000.0,generation_mean_imputed
NVIDIA Tesla P100 PCIe 16GB,Pascal,,72850000000000.0,2.0,,True,72850000000000.0,generation_mean_imputed
NVIDIA Tesla P100 SXM2,Pascal,,72850000000000.0,2.0,,True,72850000000000.0,generation_mean_imputed
NVIDIA Tesla P4,Pascal,,72850000000000.0,2.0,,True,72850000000000.0,generation_mean_imputed
NVIDIA Tesla T4,Turing,130500000000000.0,104027272727272.73,11.0,130500000000000.0,False,130500000000000.0,original
NVIDIA Tesla V100 DGXS 16 GB,Volta,125000000000000.0,121944444444444.44,9.0,125000000000000.0,False,125000000000000.0,original
NVIDIA Tesla V100 DGXS 32 GB,Volta,125000000000000.0,121944444444444.44,9.0,125000000000000.0,False,125000000000000.0,original
NVIDIA Tesla V100 PCIe 16 GB,Volta,112000000000000.0,121944444444444.44,9.0,112000000000000.0,False,112000000000000.0,original
NVIDIA Tesla V100 PCIe 32 GB,Volta,112000000000000.0,121944444444444.44,9.0,112000000000000.0,False,112000000000000.0,original
NVIDIA Tesla V100 SXM2 16 GB,Volta,125000000000000.0,121944444444444.44,9.0,125000000000000.0,False,125000000000000.0,original
NVIDIA Tesla V100 SXM2 32 GB,Volta,125000000000000.0,121944444444444.44,9.0,125000000000000.0,False,125000000000000.0,original
NVIDIA Tesla V100 SXM3 32 GB,Volta,125000000000000.0,121944444444444.44,9.0,125000000000000.0,False,125000000000000.0,original
NVIDIA Tesla V100S PCIe 32 GB,Volta,130000000000000.0,121944444444444.44,9.0,130000000000000.0,False,130000000000000.0,original
NVIDIA Titan V,Volta,,121944444444444.44,9.0,,True,121944444444444.44,generation_mean_imputed
