family,panel,panel_order,panel_label,hardware,model,outcome,outcome_order,outcome_label,term,term_order,term_label,term_role,coefficient,standard_error,ci_low,ci_high,statistic,p_value,stars,coefficient_display,standard_error_display,coefficient_scale,estimator,baseline_controls,venue_year_fixed_effects,primary_topic_fixed_effects,n,clusters,r2,design_rank,adjusted_r2,adjusted_r2_display,sample_sha256
impact,A,1,Panel A. GPU Quantity × API,quantity,M3_quantity,cumulative_citations,1,Cumulative Citations,quantity_centered,1,GPU Quantity,hardware_main,0.0370369508352468,0.0067549002616148,0.023557757228287,0.0505161444422066,5.482975232915223,6.635530992695543e-07,***,0.037***,(0.007),raw_model,OLS,True,True,True,29487,69,0.5771757444231109,748,0.5661854622659053,0.566,d6807e4979873472ffa7565585fbeba4d5951f0ac229c12a9e95f5a10513ffb7
impact,A,1,Panel A. GPU Quantity × API,quantity,M3_quantity,top10,2,Top-Cited 10%,quantity_centered,1,GPU Quantity,hardware_main,0.0088027833926513,0.0023676053519692,0.0040783004709096,0.013527266314393,3.7180112746955696,0.0004084380170682,***,0.009***,(0.002),raw_model,LPM,True,True,True,29487,69,0.2712840443442907,748,0.2523428557547499,0.252,d6807e4979873472ffa7565585fbeba4d5951f0ac229c12a9e95f5a10513ffb7
impact,A,1,Panel A. GPU Quantity × API,quantity,M3_quantity,top5,3,Top-Cited 5%,quantity_centered,1,GPU Quantity,hardware_main,0.0077887397565313,0.0021283335985206,0.0035417161849651,0.0120357633280976,3.659548372466217,0.0004944847555486,***,0.008***,(0.002),raw_model,LPM,True,True,True,29487,69,0.2119208955503337,748,0.1914367071295849,0.191,d6807e4979873472ffa7565585fbeba4d5951f0ac229c12a9e95f5a10513ffb7
impact,A,1,Panel A. GPU Quantity × API,quantity,M3_quantity,top1,4,Top-Cited 1%,quantity_centered,1,GPU Quantity,hardware_main,0.0041249985459744,0.0013480174981882,0.001435071509316,0.0068149255826328,3.060048220085127,0.0031659499319269,***,0.004***,(0.001),raw_model,LPM,True,True,True,29487,69,0.0998108618722217,748,0.0764126473838453,0.076,d6807e4979873472ffa7565585fbeba4d5951f0ac229c12a9e95f5a10513ffb7
impact,A,1,Panel A. GPU Quantity × API,quantity,M3_quantity,cumulative_citations,1,Cumulative Citations,performance_centered,2,Per-GPU Performance,hardware_main,0.0156371440581226,0.0105506791102311,-0.0054164083118294,0.0366906964280747,1.4820983459689423,0.1429337243501409,,0.016,(0.011),raw_model,OLS,True,True,True,29487,69,0.5771757444231109,748,0.5661854622659053,0.566,d6807e4979873472ffa7565585fbeba4d5951f0ac229c12a9e95f5a10513ffb7
impact,A,1,Panel A. GPU Quantity × API,quantity,M3_quantity,top10,2,Top-Cited 10%,performance_centered,2,Per-GPU Performance,hardware_main,0.0068914374055181,0.0044716216006491,-0.0020315445716877,0.015814419382724,1.541149502569213,0.1279214152066879,,0.007,(0.004),raw_model,LPM,True,True,True,29487,69,0.2712840443442907,748,0.2523428557547499,0.252,d6807e4979873472ffa7565585fbeba4d5951f0ac229c12a9e95f5a10513ffb7
impact,A,1,Panel A. GPU Quantity × API,quantity,M3_quantity,top5,3,Top-Cited 5%,performance_centered,2,Per-GPU Performance,hardware_main,0.00702614175909,0.0033952051239132,0.0002511154184897,0.0138011680996902,2.069430712625656,0.0423083092998993,**,0.007**,(0.003),raw_model,LPM,True,True,True,29487,69,0.2119208955503337,748,0.1914367071295849,0.191,d6807e4979873472ffa7565585fbeba4d5951f0ac229c12a9e95f5a10513ffb7
impact,A,1,Panel A. GPU Quantity × API,quantity,M3_quantity,top1,4,Top-Cited 1%,performance_centered,2,Per-GPU Performance,hardware_main,0.0040210860948011,0.0029108262449493,-0.0017873772417859,0.0098295494313882,1.3814242955168543,0.171670956044349,,0.004,(0.003),raw_model,LPM,True,True,True,29487,69,0.0998108618722217,748,0.0764126473838453,0.076,d6807e4979873472ffa7565585fbeba4d5951f0ac229c12a9e95f5a10513ffb7
impact,A,1,Panel A. GPU Quantity × API,quantity,M3_quantity,cumulative_citations,1,Cumulative Citations,memory_centered,3,Per-GPU VRAM,hardware_main,0.0671145317493823,0.011466864745276,0.0442327594092757,0.0899963040894889,5.852910384857473,1.5339103634808769e-07,***,0.067***,(0.011),raw_model,OLS,True,True,True,29487,69,0.5771757444231109,748,0.5661854622659053,0.566,d6807e4979873472ffa7565585fbeba4d5951f0ac229c12a9e95f5a10513ffb7
impact,A,1,Panel A. GPU Quantity × API,quantity,M3_quantity,top10,2,Top-Cited 10%,memory_centered,3,Per-GPU VRAM,hardware_main,0.0211887405109776,0.0040429286155887,0.0131212020665815,0.0292562789553736,5.240938568461959,1.7006248413319606e-06,***,0.021***,(0.004),raw_model,LPM,True,True,True,29487,69,0.2712840443442907,748,0.2523428557547499,0.252,d6807e4979873472ffa7565585fbeba4d5951f0ac229c12a9e95f5a10513ffb7
impact,A,1,Panel A. GPU Quantity × API,quantity,M3_quantity,top5,3,Top-Cited 5%,memory_centered,3,Per-GPU VRAM,hardware_main,0.0146004713101037,0.0037175868030436,0.0071821423447366,0.0220188002754708,3.927405621880899,0.0002031795846785,***,0.015***,(0.004),raw_model,LPM,True,True,True,29487,69,0.2119208955503337,748,0.1914367071295849,0.191,d6807e4979873472ffa7565585fbeba4d5951f0ac229c12a9e95f5a10513ffb7
impact,A,1,Panel A. GPU Quantity × API,quantity,M3_quantity,top1,4,Top-Cited 1%,memory_centered,3,Per-GPU VRAM,hardware_main,0.0036528483324119,0.0015626761773531,0.0005345765706182,0.0067711200942056,2.3375593647298163,0.0223608508897184,**,0.004**,(0.002),raw_model,LPM,True,True,True,29487,69,0.0998108618722217,748,0.0764126473838453,0.076,d6807e4979873472ffa7565585fbeba4d5951f0ac229c12a9e95f5a10513ffb7
impact,A,1,Panel A. GPU Quantity × API,quantity,M3_quantity,cumulative_citations,1,Cumulative Citations,api,4,API Access,api_main,0.1408046693959552,0.0298607980187087,0.08121837468192,0.2003909641099904,4.715368601593847,1.2404263634209614e-05,***,0.141***,(0.030),raw_model,OLS,True,True,True,29487,69,0.5771757444231109,748,0.5661854622659053,0.566,d6807e4979873472ffa7565585fbeba4d5951f0ac229c12a9e95f5a10513ffb7
impact,A,1,Panel A. GPU Quantity × API,quantity,M3_quantity,top10,2,Top-Cited 10%,api,4,API Access,api_main,0.0419804057419601,0.0108298379978231,0.0203698004848857,0.0635910109990346,3.876365071241005,0.0002413371640765,***,0.042***,(0.011),raw_model,LPM,True,True,True,29487,69,0.2712840443442907,748,0.2523428557547499,0.252,d6807e4979873472ffa7565585fbeba4d5951f0ac229c12a9e95f5a10513ffb7
impact,A,1,Panel A. GPU Quantity × API,quantity,M3_quantity,top5,3,Top-Cited 5%,api,4,API Access,api_main,0.0291683014310296,0.0083639116513076,0.0124783755856211,0.0458582272764381,3.487399514373077,0.0008595744750917,***,0.029***,(0.008),raw_model,LPM,True,True,True,29487,69,0.2119208955503337,748,0.1914367071295849,0.191,d6807e4979873472ffa7565585fbeba4d5951f0ac229c12a9e95f5a10513ffb7
impact,A,1,Panel A. GPU Quantity × API,quantity,M3_quantity,top1,4,Top-Cited 1%,api,4,API Access,api_main,0.001648590651828,0.0040833459894371,-0.0064995994063723,0.0097967807100284,0.4037352348031842,0.6876742804936353,,0.002,(0.004),raw_model,LPM,True,True,True,29487,69,0.0998108618722217,748,0.0764126473838453,0.076,d6807e4979873472ffa7565585fbeba4d5951f0ac229c12a9e95f5a10513ffb7
impact,A,1,Panel A. GPU Quantity × API,quantity,M3_quantity,cumulative_citations,1,Cumulative Citations,api_x_quantity,5,GPU Quantity × API,interaction,-0.0008267773264995,0.0114878092621816,-0.0237503437993749,0.0220967891463759,-0.0719699733543883,0.9428370674136888,,-0.001,(0.011),raw_model,OLS,True,True,True,29487,69,0.5771757444231109,748,0.5661854622659053,0.566,d6807e4979873472ffa7565585fbeba4d5951f0ac229c12a9e95f5a10513ffb7
impact,A,1,Panel A. GPU Quantity × API,quantity,M3_quantity,top10,2,Top-Cited 10%,api_x_quantity,5,GPU Quantity × API,interaction,-4.486221027923815e-05,0.0037082151145203,-0.007444490262363,0.0073547658418046,-0.0120980603588962,0.990382804484058,,0.000,(0.004),raw_model,LPM,True,True,True,29487,69,0.2712840443442907,748,0.2523428557547499,0.252,d6807e4979873472ffa7565585fbeba4d5951f0ac229c12a9e95f5a10513ffb7
impact,A,1,Panel A. GPU Quantity × API,quantity,M3_quantity,top5,3,Top-Cited 5%,api_x_quantity,5,GPU Quantity × API,interaction,-6.663413666557066e-05,0.0031212754471451,-0.0062950423178784,0.0061617740445473,-0.0213483679328967,0.9830302808508872,,0.000,(0.003),raw_model,LPM,True,True,True,29487,69,0.2119208955503337,748,0.1914367071295849,0.191,d6807e4979873472ffa7565585fbeba4d5951f0ac229c12a9e95f5a10513ffb7
impact,A,1,Panel A. GPU Quantity × API,quantity,M3_quantity,top1,4,Top-Cited 1%,api_x_quantity,5,GPU Quantity × API,interaction,0.0022776573393157,0.0021266183823431,-0.0019659435716575,0.0065212582502891,1.071023065645751,0.2879457821560486,,0.002,(0.002),raw_model,LPM,True,True,True,29487,69,0.0998108618722217,748,0.0764126473838453,0.076,d6807e4979873472ffa7565585fbeba4d5951f0ac229c12a9e95f5a10513ffb7
impact,B,2,Panel B. Per-GPU Performance × API,performance,M3_performance,cumulative_citations,1,Cumulative Citations,quantity_centered,1,GPU Quantity,hardware_main,0.036831473372775,0.0056523513791631,0.0255523818061303,0.0481105649394196,6.516133004142447,1.0437513535927171e-08,***,0.037***,(0.006),raw_model,OLS,True,True,True,29487,69,0.577177923691216,748,0.5661876981787535,0.566,d6807e4979873472ffa7565585fbeba4d5951f0ac229c12a9e95f5a10513ffb7
impact,B,2,Panel B. Per-GPU Performance × API,performance,M3_performance,top10,2,Top-Cited 10%,quantity_centered,1,GPU Quantity,hardware_main,0.0087888652354227,0.0018420618563859,0.0051130880312325,0.0124646424396128,4.771210697921945,1.00847229687517e-05,***,0.009***,(0.002),raw_model,LPM,True,True,True,29487,69,0.271284347456472,748,0.2523431667455907,0.252,d6807e4979873472ffa7565585fbeba4d5951f0ac229c12a9e95f5a10513ffb7
impact,B,2,Panel B. Per-GPU Performance × API,performance,M3_performance,top5,3,Top-Cited 5%,quantity_centered,1,GPU Quantity,hardware_main,0.007784863484339,0.0016917888021158,0.004408951491176,0.011160775477502,4.601557519829364,1.88525547740127e-05,***,0.008***,(0.002),raw_model,LPM,True,True,True,29487,69,0.2119463886894712,748,0.1914628629005097,0.191,d6807e4979873472ffa7565585fbeba4d5951f0ac229c12a9e95f5a10513ffb7
impact,B,2,Panel B. Per-GPU Performance × API,performance,M3_performance,top1,4,Top-Cited 1%,quantity_centered,1,GPU Quantity,hardware_main,0.0047406627467845,0.0012241510131883,0.0022979074325887,0.0071834180609803,3.872612688884848,0.0002443984993117,***,0.005***,(0.001),raw_model,LPM,True,True,True,29487,69,0.0997650173453995,748,0.076365611240699,0.076,d6807e4979873472ffa7565585fbeba4d5951f0ac229c12a9e95f5a10513ffb7
impact,B,2,Panel B. Per-GPU Performance × API,performance,M3_performance,cumulative_citations,1,Cumulative Citations,performance_centered,2,Per-GPU Performance,hardware_main,0.0172865735045451,0.0119483851657318,-0.0065560578744299,0.0411292048835203,1.4467706945138783,0.152555319119054,,0.017,(0.012),raw_model,OLS,True,True,True,29487,69,0.577177923691216,748,0.5661876981787535,0.566,d6807e4979873472ffa7565585fbeba4d5951f0ac229c12a9e95f5a10513ffb7
impact,B,2,Panel B. Per-GPU Performance × API,performance,M3_performance,top10,2,Top-Cited 10%,performance_centered,2,Per-GPU Performance,hardware_main,0.006711268897399,0.0041133258197274,-0.0014967449807153,0.0149192827755134,1.631591853291043,0.1073885912666646,,0.007,(0.004),raw_model,LPM,True,True,True,29487,69,0.271284347456472,748,0.2523431667455907,0.252,d6807e4979873472ffa7565585fbeba4d5951f0ac229c12a9e95f5a10513ffb7
impact,B,2,Panel B. Per-GPU Performance × API,performance,M3_performance,top5,3,Top-Cited 5%,performance_centered,2,Per-GPU Performance,hardware_main,0.0083945365286563,0.0032538602893062,0.0019015594141323,0.0148875136431802,2.579869995108512,0.0120489180568684,**,0.008**,(0.003),raw_model,LPM,True,True,True,29487,69,0.2119463886894712,748,0.1914628629005097,0.191,d6807e4979873472ffa7565585fbeba4d5951f0ac229c12a9e95f5a10513ffb7
impact,B,2,Panel B. Per-GPU Performance × API,performance,M3_performance,top1,4,Top-Cited 1%,performance_centered,2,Per-GPU Performance,hardware_main,0.004308461760521,0.0031307514512494,-0.001938855492476,0.0105557790135182,1.3761749623406303,0.1732827505393042,,0.004,(0.003),raw_model,LPM,True,True,True,29487,69,0.0997650173453995,748,0.076365611240699,0.076,d6807e4979873472ffa7565585fbeba4d5951f0ac229c12a9e95f5a10513ffb7
impact,B,2,Panel B. Per-GPU Performance × API,performance,M3_performance,cumulative_citations,1,Cumulative Citations,memory_centered,3,Per-GPU VRAM,hardware_main,0.0672132171995001,0.0113703993662755,0.0445239385261476,0.0899024958728526,5.911245070147087,1.2144895897605324e-07,***,0.067***,(0.011),raw_model,OLS,True,True,True,29487,69,0.577177923691216,748,0.5661876981787535,0.566,d6807e4979873472ffa7565585fbeba4d5951f0ac229c12a9e95f5a10513ffb7
impact,B,2,Panel B. Per-GPU Performance × API,performance,M3_performance,top10,2,Top-Cited 10%,memory_centered,3,Per-GPU VRAM,hardware_main,0.0211793204969629,0.0040274529800548,0.013142663202469,0.0292159777914568,5.258738116087143,1.587713435678512e-06,***,0.021***,(0.004),raw_model,LPM,True,True,True,29487,69,0.271284347456472,748,0.2523431667455907,0.252,d6807e4979873472ffa7565585fbeba4d5951f0ac229c12a9e95f5a10513ffb7
impact,B,2,Panel B. Per-GPU Performance × API,performance,M3_performance,top5,3,Top-Cited 5%,memory_centered,3,Per-GPU VRAM,hardware_main,0.0146761141467895,0.0037134993393427,0.0072659415882457,0.0220862867053332,3.9520982247938017,0.0001868674027103,***,0.015***,(0.004),raw_model,LPM,True,True,True,29487,69,0.2119463886894712,748,0.1914628629005097,0.191,d6807e4979873472ffa7565585fbeba4d5951f0ac229c12a9e95f5a10513ffb7
impact,B,2,Panel B. Per-GPU Performance × API,performance,M3_performance,top1,4,Top-Cited 1%,memory_centered,3,Per-GPU VRAM,hardware_main,0.0036456859688075,0.0015560533580809,0.00054062983711,0.006750742100505,2.3429054986287965,0.0220672329060958,**,0.004**,(0.002),raw_model,LPM,True,True,True,29487,69,0.0997650173453995,748,0.076365611240699,0.076,d6807e4979873472ffa7565585fbeba4d5951f0ac229c12a9e95f5a10513ffb7
impact,B,2,Panel B. Per-GPU Performance × API,performance,M3_performance,cumulative_citations,1,Cumulative Citations,api,4,API Access,api_main,0.143970156676132,0.0300137140401087,0.0840787227922753,0.2038615905599886,4.796812433267605,9.1683974743908e-06,***,0.144***,(0.030),raw_model,OLS,True,True,True,29487,69,0.577177923691216,748,0.5661876981787535,0.566,d6807e4979873472ffa7565585fbeba4d5951f0ac229c12a9e95f5a10513ffb7
impact,B,2,Panel B. Per-GPU Performance × API,performance,M3_performance,top10,2,Top-Cited 10%,api,4,API Access,api_main,0.0414405289010526,0.0107022555374227,0.0200845104799025,0.0627965473222028,3.87213038935081,0.0002447946670272,***,0.041***,(0.011),raw_model,LPM,True,True,True,29487,69,0.271284347456472,748,0.2523431667455907,0.252,d6807e4979873472ffa7565585fbeba4d5951f0ac229c12a9e95f5a10513ffb7
impact,B,2,Panel B. Per-GPU Performance × API,performance,M3_performance,top5,3,Top-Cited 5%,api,4,API Access,api_main,0.0326837283630044,0.0078936223215431,0.0169322502639239,0.048435206462085,4.140523454460745,9.778925804552736e-05,***,0.033***,(0.008),raw_model,LPM,True,True,True,29487,69,0.2119463886894712,748,0.1914628629005097,0.191,d6807e4979873472ffa7565585fbeba4d5951f0ac229c12a9e95f5a10513ffb7
impact,B,2,Panel B. Per-GPU Performance × API,performance,M3_performance,top1,4,Top-Cited 1%,api,4,API Access,api_main,0.0056776988748928,0.003526034032438,-0.0013583924880015,0.0127137902377872,1.6102223695688678,0.1119821039601328,,0.006,(0.004),raw_model,LPM,True,True,True,29487,69,0.0997650173453995,748,0.076365611240699,0.076,d6807e4979873472ffa7565585fbeba4d5951f0ac229c12a9e95f5a10513ffb7
impact,B,2,Panel B. Per-GPU Performance × API,performance,M3_performance,cumulative_citations,1,Cumulative Citations,api_x_performance,5,Performance × API,interaction,-0.0064537059216323,0.0192016565525479,-0.0447700150042279,0.0318626031609632,-0.3361015183232201,0.7378292317482594,,-0.006,(0.019),raw_model,OLS,True,True,True,29487,69,0.577177923691216,748,0.5661876981787535,0.566,d6807e4979873472ffa7565585fbeba4d5951f0ac229c12a9e95f5a10513ffb7
impact,B,2,Panel B. Per-GPU Performance × API,performance,M3_performance,top10,2,Top-Cited 10%,api_x_performance,5,Performance × API,interaction,0.0006970422315107,0.009062938869622,-0.0173877707102679,0.0187818551732894,0.0769112802743437,0.9389199743890904,,0.001,(0.009),raw_model,LPM,True,True,True,29487,69,0.271284347456472,748,0.2523431667455907,0.252,d6807e4979873472ffa7565585fbeba4d5951f0ac229c12a9e95f5a10513ffb7
impact,B,2,Panel B. Per-GPU Performance × API,performance,M3_performance,top5,3,Top-Cited 5%,api_x_performance,5,Performance × API,interaction,-0.005317905596508,0.0080700623551696,-0.0214214643009507,0.0107856531079345,-0.6589671011775342,0.5121422142985608,,-0.005,(0.008),raw_model,LPM,True,True,True,29487,69,0.2119463886894712,748,0.1914628629005097,0.191,d6807e4979873472ffa7565585fbeba4d5951f0ac229c12a9e95f5a10513ffb7
impact,B,2,Panel B. Per-GPU Performance × API,performance,M3_performance,top1,4,Top-Cited 1%,api_x_performance,5,Performance × API,interaction,-0.0009828546444765,0.0031173811150574,-0.0072034918069998,0.0052377825180466,-0.3152821577474833,0.7535129601457032,,-0.001,(0.003),raw_model,LPM,True,True,True,29487,69,0.0997650173453995,748,0.076365611240699,0.076,d6807e4979873472ffa7565585fbeba4d5951f0ac229c12a9e95f5a10513ffb7
impact,C,3,Panel C. Per-GPU VRAM × API,memory,M3_memory,cumulative_citations,1,Cumulative Citations,quantity_centered,1,GPU Quantity,hardware_main,0.03681402477364,0.0056619099833419,0.0255158593093287,0.0481121902379514,6.502050523931234,1.105768548525182e-08,***,0.037***,(0.006),raw_model,OLS,True,True,True,29487,69,0.5771756813153375,748,0.5661853975177995,0.566,d6807e4979873472ffa7565585fbeba4d5951f0ac229c12a9e95f5a10513ffb7
impact,C,3,Panel C. Per-GPU VRAM × API,memory,M3_memory,top10,2,Top-Cited 10%,quantity_centered,1,GPU Quantity,hardware_main,0.0087903413512438,0.0018410416884264,0.0051165998605216,0.012464082841966,4.774656329893783,9.95638244456899e-06,***,0.009***,(0.002),raw_model,LPM,True,True,True,29487,69,0.2712846504175532,748,0.2523434775814042,0.252,d6807e4979873472ffa7565585fbeba4d5951f0ac229c12a9e95f5a10513ffb7
impact,C,3,Panel C. Per-GPU VRAM × API,memory,M3_memory,top5,3,Top-Cited 5%,quantity_centered,1,GPU Quantity,hardware_main,0.0077709455975498,0.0016888296605233,0.0044009384794982,0.0111409527156013,4.601379155753124,1.8864859472251528e-05,***,0.008***,(0.002),raw_model,LPM,True,True,True,29487,69,0.2119210120256346,748,0.1914368266323763,0.191,d6807e4979873472ffa7565585fbeba4d5951f0ac229c12a9e95f5a10513ffb7
impact,C,3,Panel C. Per-GPU VRAM × API,memory,M3_memory,top1,4,Top-Cited 1%,quantity_centered,1,GPU Quantity,hardware_main,0.0047376539622623,0.0012246260283131,0.0022939507701432,0.0071813571543815,3.868653656486732,0.0002476687738101,***,0.005***,(0.001),raw_model,LPM,True,True,True,29487,69,0.099765718872871,748,0.0763663310026609,0.076,d6807e4979873472ffa7565585fbeba4d5951f0ac229c12a9e95f5a10513ffb7
impact,C,3,Panel C. Per-GPU VRAM × API,memory,M3_memory,cumulative_citations,1,Cumulative Citations,performance_centered,2,Per-GPU Performance,hardware_main,0.0155898714725074,0.0104900579685966,-0.0053427132927253,0.0365224562377401,1.4861568467188322,0.1418595513648375,,0.016,(0.010),raw_model,OLS,True,True,True,29487,69,0.5771756813153375,748,0.5661853975177995,0.566,d6807e4979873472ffa7565585fbeba4d5951f0ac229c12a9e95f5a10513ffb7
impact,C,3,Panel C. Per-GPU VRAM × API,memory,M3_memory,top10,2,Top-Cited 10%,performance_centered,2,Per-GPU Performance,hardware_main,0.0068577181628836,0.0043930959750285,-0.0019085683680753,0.0156240046938426,1.5610217035695493,0.1231609254433364,,0.007,(0.004),raw_model,LPM,True,True,True,29487,69,0.2712846504175532,748,0.2523434775814042,0.252,d6807e4979873472ffa7565585fbeba4d5951f0ac229c12a9e95f5a10513ffb7
impact,C,3,Panel C. Per-GPU VRAM × API,memory,M3_memory,top5,3,Top-Cited 5%,performance_centered,2,Per-GPU Performance,hardware_main,0.0070378824762589,0.0033423167614711,0.000368393219746,0.0137073717327717,2.1056898488464006,0.0389266827114694,**,0.007**,(0.003),raw_model,LPM,True,True,True,29487,69,0.2119210120256346,748,0.1914368266323763,0.191,d6807e4979873472ffa7565585fbeba4d5951f0ac229c12a9e95f5a10513ffb7
impact,C,3,Panel C. Per-GPU VRAM × API,memory,M3_memory,top1,4,Top-Cited 1%,performance_centered,2,Per-GPU Performance,hardware_main,0.0040183931762473,0.0029256300338014,-0.0018196106610615,0.0098563970135561,1.3735137832947188,0.1741042627214239,,0.004,(0.003),raw_model,LPM,True,True,True,29487,69,0.099765718872871,748,0.0763663310026609,0.076,d6807e4979873472ffa7565585fbeba4d5951f0ac229c12a9e95f5a10513ffb7
impact,C,3,Panel C. Per-GPU VRAM × API,memory,M3_memory,cumulative_citations,1,Cumulative Citations,memory_centered,3,Per-GPU VRAM,hardware_main,0.0668684596154441,0.0114914015057158,0.0439377249322021,0.0897991942986862,5.81899949994645,1.7563855627150498e-07,***,0.067***,(0.011),raw_model,OLS,True,True,True,29487,69,0.5771756813153375,748,0.5661853975177995,0.566,d6807e4979873472ffa7565585fbeba4d5951f0ac229c12a9e95f5a10513ffb7
impact,C,3,Panel C. Per-GPU VRAM × API,memory,M3_memory,top10,2,Top-Cited 10%,memory_centered,3,Per-GPU VRAM,hardware_main,0.0209484434310758,0.0041612184690664,0.0126448612591615,0.0292520256029901,5.034208991140828,3.752799032060448e-06,***,0.021***,(0.004),raw_model,LPM,True,True,True,29487,69,0.2712846504175532,748,0.2523434775814042,0.252,d6807e4979873472ffa7565585fbeba4d5951f0ac229c12a9e95f5a10513ffb7
impact,C,3,Panel C. Per-GPU VRAM × API,memory,M3_memory,top5,3,Top-Cited 5%,memory_centered,3,Per-GPU VRAM,hardware_main,0.0146939190219183,0.0036217343533293,0.0074668606419575,0.0219209774018792,4.057149859268593,0.0001304877092423,***,0.015***,(0.004),raw_model,LPM,True,True,True,29487,69,0.2119210120256346,748,0.1914368266323763,0.191,d6807e4979873472ffa7565585fbeba4d5951f0ac229c12a9e95f5a10513ffb7
impact,C,3,Panel C. Per-GPU VRAM × API,memory,M3_memory,top1,4,Top-Cited 1%,memory_centered,3,Per-GPU VRAM,hardware_main,0.0033624600833502,0.0016264801644368,0.0001168694476296,0.0066080507190708,2.0673231416347955,0.0425124520981872,**,0.003**,(0.002),raw_model,LPM,True,True,True,29487,69,0.099765718872871,748,0.0763663310026609,0.076,d6807e4979873472ffa7565585fbeba4d5951f0ac229c12a9e95f5a10513ffb7
impact,C,3,Panel C. Per-GPU VRAM × API,memory,M3_memory,cumulative_citations,1,Cumulative Citations,api,4,API Access,api_main,0.1389402283055562,0.0322180042439644,0.0746502018040503,0.2032302548070621,4.312502638383772,5.343880625200006e-05,***,0.139***,(0.032),raw_model,OLS,True,True,True,29487,69,0.5771756813153375,748,0.5661853975177995,0.566,d6807e4979873472ffa7565585fbeba4d5951f0ac229c12a9e95f5a10513ffb7
impact,C,3,Panel C. Per-GPU VRAM × API,memory,M3_memory,top10,2,Top-Cited 10%,api,4,API Access,api_main,0.0413028639840517,0.0108579193384433,0.0196362232842167,0.0629695046838868,3.8039391062535866,0.0003074531052648,***,0.041***,(0.011),raw_model,LPM,True,True,True,29487,69,0.2712846504175532,748,0.2523434775814042,0.252,d6807e4979873472ffa7565585fbeba4d5951f0ac229c12a9e95f5a10513ffb7
impact,C,3,Panel C. Per-GPU VRAM × API,memory,M3_memory,top5,3,Top-Cited 5%,api,4,API Access,api_main,0.0293057349911826,0.0074242812770201,0.0144908123646927,0.0441206576176725,3.9472824234031534,0.0001899466712072,***,0.029***,(0.007),raw_model,LPM,True,True,True,29487,69,0.2119210120256346,748,0.1914368266323763,0.191,d6807e4979873472ffa7565585fbeba4d5951f0ac229c12a9e95f5a10513ffb7
impact,C,3,Panel C. Per-GPU VRAM × API,memory,M3_memory,top1,4,Top-Cited 1%,api,4,API Access,api_main,0.0043257092022274,0.0033261358580987,-0.0023114915643232,0.0109629099687782,1.3005209007608345,0.1978128716891943,,0.004,(0.003),raw_model,LPM,True,True,True,29487,69,0.099765718872871,748,0.0763663310026609,0.076,d6807e4979873472ffa7565585fbeba4d5951f0ac229c12a9e95f5a10513ffb7
impact,C,3,Panel C. Per-GPU VRAM × API,memory,M3_memory,cumulative_citations,1,Cumulative Citations,api_x_memory,5,VRAM × API,interaction,0.0011648907181141,0.0216887715884647,-0.0421143791475455,0.0444441605837739,0.0537093912102295,0.9573241824414924,,0.001,(0.022),raw_model,OLS,True,True,True,29487,69,0.5771756813153375,748,0.5661853975177995,0.566,d6807e4979873472ffa7565585fbeba4d5951f0ac229c12a9e95f5a10513ffb7
impact,C,3,Panel C. Per-GPU VRAM × API,memory,M3_memory,top10,2,Top-Cited 10%,api_x_memory,5,VRAM × API,interaction,0.0011052275156117,0.0091770419362683,-0.0172072745506404,0.019417729581864,0.1204339615409031,0.9044945324774112,,0.001,(0.009),raw_model,LPM,True,True,True,29487,69,0.2712846504175532,748,0.2523434775814042,0.252,d6807e4979873472ffa7565585fbeba4d5951f0ac229c12a9e95f5a10513ffb7
impact,C,3,Panel C. Per-GPU VRAM × API,memory,M3_memory,top5,3,Top-Cited 5%,api_x_memory,5,VRAM × API,interaction,-0.0004262410595976,0.0079293074114982,-0.0162489276469988,0.0153964455278035,-0.0537551437316684,0.9572878644069772,,0.000,(0.008),raw_model,LPM,True,True,True,29487,69,0.2119210120256346,748,0.1914368266323763,0.191,d6807e4979873472ffa7565585fbeba4d5951f0ac229c12a9e95f5a10513ffb7
impact,C,3,Panel C. Per-GPU VRAM × API,memory,M3_memory,top1,4,Top-Cited 1%,api_x_memory,5,VRAM × API,interaction,0.0012367650517296,0.002824119355873,-0.0043986773815645,0.0068722074850239,0.4379294554805877,0.6628253824387428,,0.001,(0.003),raw_model,LPM,True,True,True,29487,69,0.099765718872871,748,0.0763663310026609,0.076,d6807e4979873472ffa7565585fbeba4d5951f0ac229c12a9e95f5a10513ffb7
