specification,family,outcome,model,term,coefficient,standard_error,ci_low,ci_high,statistic,p_value,n,clusters,sample_sha256,resource,within_r2,adjusted_r2,delta_r2,delta_within_r2,partial_r2,interaction_term,p_value_holm,reject_holm_05,holm_family,is_interaction,outcome_label,resource_label,outcome_order,resource_order,term_order
venue_year_topic,impact,cumulative_citations,M3_quantity,quantity_centered,0.0358916549134081,0.0053593366557409,0.0251972651238039,0.0465860447030122,6.69703308803357,4.9626886325697985e-09,29239,69,1b6b84deb2b845abca82df6d98abdae1d2e8d682005decb2759a2810247007cc,quantity,0.0394157232479133,0.5662309862730193,0.0002119484634218,0.0004804699911474,0.0004999350905082,quantity_x_ksc,,False,,False,Cumulative Citations,GPU Count,5,0,0
venue_year_topic,impact,cumulative_citations,M3_quantity,performance_centered,0.0170089045457616,0.0105803479642494,-0.0041038511006152,0.0381216601921384,1.6075940605388357,0.1125578593242521,29239,69,1b6b84deb2b845abca82df6d98abdae1d2e8d682005decb2759a2810247007cc,quantity,0.0394157232479133,0.5662309862730193,0.0002119484634218,0.0004804699911474,0.0004999350905082,quantity_x_ksc,,False,,False,Cumulative Citations,GPU Count,5,0,1
venue_year_topic,impact,cumulative_citations,M3_quantity,memory_centered,0.0673322544131138,0.011439227127684,0.0445056320802509,0.0901588767459767,5.886084231177065,1.343278823845329e-07,29239,69,1b6b84deb2b845abca82df6d98abdae1d2e8d682005decb2759a2810247007cc,quantity,0.0394157232479133,0.5662309862730193,0.0002119484634218,0.0004804699911474,0.0004999350905082,quantity_x_ksc,,False,,False,Cumulative Citations,GPU Count,5,0,2
venue_year_topic,impact,cumulative_citations,M3_quantity,api,0.1419265819023677,0.0338714324732162,0.0743371907390408,0.2095159730656945,4.190155878839667,8.224323998799854e-05,29239,69,1b6b84deb2b845abca82df6d98abdae1d2e8d682005decb2759a2810247007cc,quantity,0.0394157232479133,0.5662309862730193,0.0002119484634218,0.0004804699911474,0.0004999350905082,quantity_x_ksc,,False,,False,Cumulative Citations,GPU Count,5,0,3
venue_year_topic,impact,cumulative_citations,M3_quantity,ksc_z,0.0087046139674284,0.053875286367717,-0.0988018461512366,0.1162110740860936,0.1615697020711231,0.8721238178439034,29239,69,1b6b84deb2b845abca82df6d98abdae1d2e8d682005decb2759a2810247007cc,quantity,0.0394157232479133,0.5662309862730193,0.0002119484634218,0.0004804699911474,0.0004999350905082,quantity_x_ksc,,False,,False,Cumulative Citations,GPU Count,5,0,4
venue_year_topic,impact,cumulative_citations,M3_quantity,log_team,0.3946457372022309,0.0394853010457092,0.3158540457173637,0.4734374286870981,9.994750622399412,5.581144731446935e-15,29239,69,1b6b84deb2b845abca82df6d98abdae1d2e8d682005decb2759a2810247007cc,quantity,0.0394157232479133,0.5662309862730193,0.0002119484634218,0.0004804699911474,0.0004999350905082,quantity_x_ksc,,False,,False,Cumulative Citations,GPU Count,5,0,5
venue_year_topic,impact,cumulative_citations,M3_quantity,log_org,0.0327166100568422,0.026004308449126,-0.0191741795367072,0.0846073996503918,1.258122673050429,0.2126503670926814,29239,69,1b6b84deb2b845abca82df6d98abdae1d2e8d682005decb2759a2810247007cc,quantity,0.0394157232479133,0.5662309862730193,0.0002119484634218,0.0004804699911474,0.0004999350905082,quantity_x_ksc,,False,,False,Cumulative Citations,GPU Count,5,0,6
venue_year_topic,impact,cumulative_citations,M3_quantity,company,-0.032259880525512,0.0146922091283255,-0.0615777273751556,-0.0029420336758684,-2.195713404549709,0.0315277559865326,29239,69,1b6b84deb2b845abca82df6d98abdae1d2e8d682005decb2759a2810247007cc,quantity,0.0394157232479133,0.5662309862730193,0.0002119484634218,0.0004804699911474,0.0004999350905082,quantity_x_ksc,,False,,False,Cumulative Citations,GPU Count,5,0,7
venue_year_topic,impact,cumulative_citations,M3_quantity,prior_team_productivity_5y,0.0957773541867099,0.024079744623299,0.0477269719141518,0.143827736459268,3.9775070576968568,0.0001713985839085,29239,69,1b6b84deb2b845abca82df6d98abdae1d2e8d682005decb2759a2810247007cc,quantity,0.0394157232479133,0.5662309862730193,0.0002119484634218,0.0004804699911474,0.0004999350905082,quantity_x_ksc,,False,,False,Cumulative Citations,GPU Count,5,0,8
venue_year_topic,impact,cumulative_citations,M3_quantity,quantity_x_ksc,-0.0157676638834811,0.0050662321510275,-0.0258771727402676,-0.0056581550266946,-3.1123058346789287,0.0027143564149121,29239,69,1b6b84deb2b845abca82df6d98abdae1d2e8d682005decb2759a2810247007cc,quantity,0.0394157232479133,0.5662309862730193,0.0002119484634218,0.0004804699911474,0.0004999350905082,quantity_x_ksc,0.0081430692447365,True,venue_year_topic:impact:quantity,True,Cumulative Citations,GPU Count,5,0,9
venue_year_topic,impact,cumulative_citations,M3_performance,quantity_centered,0.0362878476038105,0.0056068091313652,0.025099634177714,0.047476061029907,6.472103250458697,1.2500759825564277e-08,29239,69,1b6b84deb2b845abca82df6d98abdae1d2e8d682005decb2759a2810247007cc,performance,0.0389760362201391,0.5660324377302188,1.7990481362014724e-05,4.078296337321806e-05,4.243518817168098e-05,performance_x_ksc,,False,,False,Cumulative Citations,Performance,5,1,0
venue_year_topic,impact,cumulative_citations,M3_performance,performance_centered,0.0180478679755246,0.0107179885902273,-0.0033395452636936,0.0394352812147429,1.683885723855002,0.0967892946031094,29239,69,1b6b84deb2b845abca82df6d98abdae1d2e8d682005decb2759a2810247007cc,performance,0.0389760362201391,0.5660324377302188,1.7990481362014724e-05,4.078296337321806e-05,4.243518817168098e-05,performance_x_ksc,,False,,False,Cumulative Citations,Performance,5,1,1
venue_year_topic,impact,cumulative_citations,M3_performance,memory_centered,0.0671149600583465,0.0114913737759272,0.0441842807090359,0.090045639407657,5.840464453339978,1.6121267032014888e-07,29239,69,1b6b84deb2b845abca82df6d98abdae1d2e8d682005decb2759a2810247007cc,performance,0.0389760362201391,0.5660324377302188,1.7990481362014724e-05,4.078296337321806e-05,4.243518817168098e-05,performance_x_ksc,,False,,False,Cumulative Citations,Performance,5,1,2
venue_year_topic,impact,cumulative_citations,M3_performance,api,0.1400359179761628,0.0337762469246104,0.0726364666177999,0.2074353693345258,4.145988104857446,9.594770807175472e-05,29239,69,1b6b84deb2b845abca82df6d98abdae1d2e8d682005decb2759a2810247007cc,performance,0.0389760362201391,0.5660324377302188,1.7990481362014724e-05,4.078296337321806e-05,4.243518817168098e-05,performance_x_ksc,,False,,False,Cumulative Citations,Performance,5,1,3
venue_year_topic,impact,cumulative_citations,M3_performance,ksc_z,-0.0081143917866475,0.0544224787977509,-0.1167127573989589,0.1004839738256638,-0.149100003636418,0.8819160337399515,29239,69,1b6b84deb2b845abca82df6d98abdae1d2e8d682005decb2759a2810247007cc,performance,0.0389760362201391,0.5660324377302188,1.7990481362014724e-05,4.078296337321806e-05,4.243518817168098e-05,performance_x_ksc,,False,,False,Cumulative Citations,Performance,5,1,4
venue_year_topic,impact,cumulative_citations,M3_performance,log_team,0.3943942418779801,0.0395654553414839,0.3154426049861738,0.4733458787697864,9.968146163718268,6.222352584704507e-15,29239,69,1b6b84deb2b845abca82df6d98abdae1d2e8d682005decb2759a2810247007cc,performance,0.0389760362201391,0.5660324377302188,1.7990481362014724e-05,4.078296337321806e-05,4.243518817168098e-05,performance_x_ksc,,False,,False,Cumulative Citations,Performance,5,1,5
venue_year_topic,impact,cumulative_citations,M3_performance,log_org,0.0325911130048676,0.0260833060427549,-0.0194573138324262,0.0846395398421615,1.2495008474556568,0.2157656799643611,29239,69,1b6b84deb2b845abca82df6d98abdae1d2e8d682005decb2759a2810247007cc,performance,0.0389760362201391,0.5660324377302188,1.7990481362014724e-05,4.078296337321806e-05,4.243518817168098e-05,performance_x_ksc,,False,,False,Cumulative Citations,Performance,5,1,6
venue_year_topic,impact,cumulative_citations,M3_performance,company,-0.03181425440575,0.0146827748784079,-0.0611132755027917,-0.0025152333087083,-2.16677396944464,0.0337592391615543,29239,69,1b6b84deb2b845abca82df6d98abdae1d2e8d682005decb2759a2810247007cc,performance,0.0389760362201391,0.5660324377302188,1.7990481362014724e-05,4.078296337321806e-05,4.243518817168098e-05,performance_x_ksc,,False,,False,Cumulative Citations,Performance,5,1,7
venue_year_topic,impact,cumulative_citations,M3_performance,prior_team_productivity_5y,0.0963432816725718,0.0240852528455461,0.0482819079136523,0.1444046554314914,4.000094260600122,0.0001586872872633,29239,69,1b6b84deb2b845abca82df6d98abdae1d2e8d682005decb2759a2810247007cc,performance,0.0389760362201391,0.5660324377302188,1.7990481362014724e-05,4.078296337321806e-05,4.243518817168098e-05,performance_x_ksc,,False,,False,Cumulative Citations,Performance,5,1,8
venue_year_topic,impact,cumulative_citations,M3_performance,performance_x_ksc,-0.0078977890800547,0.0063946709533311,-0.0206581562941439,0.0048625781340344,-1.235057931470353,0.2210593799556825,29239,69,1b6b84deb2b845abca82df6d98abdae1d2e8d682005decb2759a2810247007cc,performance,0.0389760362201391,0.5660324377302188,1.7990481362014724e-05,4.078296337321806e-05,4.243518817168098e-05,performance_x_ksc,0.442118759911365,False,venue_year_topic:impact:performance,True,Cumulative Citations,Performance,5,1,9
venue_year_topic,impact,cumulative_citations,M3_memory,quantity_centered,0.036348871691666,0.0055935024702857,0.0251872112943347,0.0475105320889974,6.498409875522756,1.1223879459641388e-08,29239,69,1b6b84deb2b845abca82df6d98abdae1d2e8d682005decb2759a2810247007cc,memory,0.0389590687098064,0.5660247757474022,1.0505648158365957e-05,2.3815453040583507e-05,2.478027949863636e-05,memory_x_ksc,,False,,False,Cumulative Citations,VRAM,5,2,0
venue_year_topic,impact,cumulative_citations,M3_memory,performance_centered,0.0170185775111919,0.0105471616053607,-0.0040279557870752,0.038065110809459,1.6135694272989924,0.1112523398437288,29239,69,1b6b84deb2b845abca82df6d98abdae1d2e8d682005decb2759a2810247007cc,memory,0.0389590687098064,0.5660247757474022,1.0505648158365957e-05,2.3815453040583507e-05,2.478027949863636e-05,memory_x_ksc,,False,,False,Cumulative Citations,VRAM,5,2,1
venue_year_topic,impact,cumulative_citations,M3_memory,memory_centered,0.0674461743002161,0.0114254714134248,0.0446470010677869,0.0902453475326452,5.903141486220625,1.254576624631325e-07,29239,69,1b6b84deb2b845abca82df6d98abdae1d2e8d682005decb2759a2810247007cc,memory,0.0389590687098064,0.5660247757474022,1.0505648158365957e-05,2.3815453040583507e-05,2.478027949863636e-05,memory_x_ksc,,False,,False,Cumulative Citations,VRAM,5,2,2
venue_year_topic,impact,cumulative_citations,M3_memory,api,0.140224041225411,0.0336994551479535,0.0729778254715561,0.2074702569792658,4.161018052362377,9.105367178050882e-05,29239,69,1b6b84deb2b845abca82df6d98abdae1d2e8d682005decb2759a2810247007cc,memory,0.0389590687098064,0.5660247757474022,1.0505648158365957e-05,2.3815453040583507e-05,2.478027949863636e-05,memory_x_ksc,,False,,False,Cumulative Citations,VRAM,5,2,3
venue_year_topic,impact,cumulative_citations,M3_memory,ksc_z,-0.0094676556170351,0.0547075363772697,-0.1186348447729449,0.0996995335388746,-0.1730594401426708,0.8631188069454804,29239,69,1b6b84deb2b845abca82df6d98abdae1d2e8d682005decb2759a2810247007cc,memory,0.0389590687098064,0.5660247757474022,1.0505648158365957e-05,2.3815453040583507e-05,2.478027949863636e-05,memory_x_ksc,,False,,False,Cumulative Citations,VRAM,5,2,4
venue_year_topic,impact,cumulative_citations,M3_memory,log_team,0.3944157422010964,0.0395555236841596,0.3154839236229186,0.4733475607792742,9.971192528012065,6.145327524904483e-15,29239,69,1b6b84deb2b845abca82df6d98abdae1d2e8d682005decb2759a2810247007cc,memory,0.0389590687098064,0.5660247757474022,1.0505648158365957e-05,2.3815453040583507e-05,2.478027949863636e-05,memory_x_ksc,,False,,False,Cumulative Citations,VRAM,5,2,5
venue_year_topic,impact,cumulative_citations,M3_memory,log_org,0.0326031414337786,0.0260740263164612,-0.0194267679980037,0.0846330508655611,1.2504068622955822,0.215436739473438,29239,69,1b6b84deb2b845abca82df6d98abdae1d2e8d682005decb2759a2810247007cc,memory,0.0389590687098064,0.5660247757474022,1.0505648158365957e-05,2.3815453040583507e-05,2.478027949863636e-05,memory_x_ksc,,False,,False,Cumulative Citations,VRAM,5,2,6
venue_year_topic,impact,cumulative_citations,M3_memory,company,-0.0318175582466224,0.0146627283521933,-0.0610765771234198,-0.002558539369825,-2.1699616525912706,0.0335068535112165,29239,69,1b6b84deb2b845abca82df6d98abdae1d2e8d682005decb2759a2810247007cc,memory,0.0389590687098064,0.5660247757474022,1.0505648158365957e-05,2.3815453040583507e-05,2.478027949863636e-05,memory_x_ksc,,False,,False,Cumulative Citations,VRAM,5,2,7
venue_year_topic,impact,cumulative_citations,M3_memory,prior_team_productivity_5y,0.096264220979431,0.0240888592844232,0.0481956506837791,0.1443327912750829,3.996213346709996,0.0001608048508582,29239,69,1b6b84deb2b845abca82df6d98abdae1d2e8d682005decb2759a2810247007cc,memory,0.0389590687098064,0.5660247757474022,1.0505648158365957e-05,2.3815453040583507e-05,2.478027949863636e-05,memory_x_ksc,,False,,False,Cumulative Citations,VRAM,5,2,8
venue_year_topic,impact,cumulative_citations,M3_memory,memory_x_ksc,-0.0063574462800498,0.0088426075062881,-0.0240025948316762,0.0112877022715765,-0.7189560630762964,0.4746314270058929,29239,69,1b6b84deb2b845abca82df6d98abdae1d2e8d682005decb2759a2810247007cc,memory,0.0389590687098064,0.5660247757474022,1.0505648158365957e-05,2.3815453040583507e-05,2.478027949863636e-05,memory_x_ksc,0.9132018253796476,False,venue_year_topic:impact:memory,True,Cumulative Citations,VRAM,5,2,9
venue_year_topic,impact,cumulative_citations,M3_api,quantity_centered,0.0364983964797054,0.0056144225045036,0.0252949908040478,0.047701802155363,6.500828259794825,1.1113207055773127e-08,29239,69,1b6b84deb2b845abca82df6d98abdae1d2e8d682005decb2759a2810247007cc,api,0.0390656154810095,0.5660728888479172,5.7506345090778464e-05,0.0001303622242435,0.000135643539819,api_x_ksc,,False,,False,Cumulative Citations,API,5,3,0
venue_year_topic,impact,cumulative_citations,M3_api,performance_centered,0.0166658956670938,0.0105216539382012,-0.0043297378738431,0.0376615292080309,1.5839615867410912,0.1178425591476619,29239,69,1b6b84deb2b845abca82df6d98abdae1d2e8d682005decb2759a2810247007cc,api,0.0390656154810095,0.5660728888479172,5.7506345090778464e-05,0.0001303622242435,0.000135643539819,api_x_ksc,,False,,False,Cumulative Citations,API,5,3,1
venue_year_topic,impact,cumulative_citations,M3_api,memory_centered,0.067393285374561,0.0115324699829143,0.0443805998210083,0.0904059709281138,5.8437858910022005,1.590875790731628e-07,29239,69,1b6b84deb2b845abca82df6d98abdae1d2e8d682005decb2759a2810247007cc,api,0.0390656154810095,0.5660728888479172,5.7506345090778464e-05,0.0001303622242435,0.000135643539819,api_x_ksc,,False,,False,Cumulative Citations,API,5,3,2
venue_year_topic,impact,cumulative_citations,M3_api,api,0.1462628609601056,0.0334266426927361,0.0795610339847442,0.2129646879354671,4.37563719170306,4.267855515801335e-05,29239,69,1b6b84deb2b845abca82df6d98abdae1d2e8d682005decb2759a2810247007cc,api,0.0390656154810095,0.5660728888479172,5.7506345090778464e-05,0.0001303622242435,0.000135643539819,api_x_ksc,,False,,False,Cumulative Citations,API,5,3,3
venue_year_topic,impact,cumulative_citations,M3_api,ksc_z,-0.0045584498865917,0.0549178804772013,-0.1141453741588245,0.105028474385641,-0.0830048400808941,0.9340915524610576,29239,69,1b6b84deb2b845abca82df6d98abdae1d2e8d682005decb2759a2810247007cc,api,0.0390656154810095,0.5660728888479172,5.7506345090778464e-05,0.0001303622242435,0.000135643539819,api_x_ksc,,False,,False,Cumulative Citations,API,5,3,4
venue_year_topic,impact,cumulative_citations,M3_api,log_team,0.3946418363117718,0.0395632941886841,0.3156945119332338,0.4735891606903099,9.974948861175648,6.051669394023484e-15,29239,69,1b6b84deb2b845abca82df6d98abdae1d2e8d682005decb2759a2810247007cc,api,0.0390656154810095,0.5660728888479172,5.7506345090778464e-05,0.0001303622242435,0.000135643539819,api_x_ksc,,False,,False,Cumulative Citations,API,5,3,5
venue_year_topic,impact,cumulative_citations,M3_api,log_org,0.0328164651071807,0.0261028252811443,-0.0192709117638843,0.0849038419782458,1.2571997381021427,0.2129822545236308,29239,69,1b6b84deb2b845abca82df6d98abdae1d2e8d682005decb2759a2810247007cc,api,0.0390656154810095,0.5660728888479172,5.7506345090778464e-05,0.0001303622242435,0.000135643539819,api_x_ksc,,False,,False,Cumulative Citations,API,5,3,6
venue_year_topic,impact,cumulative_citations,M3_api,company,-0.0318489210498435,0.014681444888666,-0.0611452881936761,-0.0025525539060109,-2.169331512760755,0.0335566137703588,29239,69,1b6b84deb2b845abca82df6d98abdae1d2e8d682005decb2759a2810247007cc,api,0.0390656154810095,0.5660728888479172,5.7506345090778464e-05,0.0001303622242435,0.000135643539819,api_x_ksc,,False,,False,Cumulative Citations,API,5,3,7
venue_year_topic,impact,cumulative_citations,M3_api,prior_team_productivity_5y,0.0963442285218294,0.0240606234381753,0.0483320019801179,0.144356455063541,4.004228268207166,0.0001564611319911,29239,69,1b6b84deb2b845abca82df6d98abdae1d2e8d682005decb2759a2810247007cc,api,0.0390656154810095,0.5660728888479172,5.7506345090778464e-05,0.0001303622242435,0.000135643539819,api_x_ksc,,False,,False,Cumulative Citations,API,5,3,8
venue_year_topic,impact,cumulative_citations,M3_api,api_x_ksc,-0.0351232429349449,0.0198074303373778,-0.0746483547846433,0.0044018689147535,-1.7732357169352309,0.0806676077794462,29239,69,1b6b84deb2b845abca82df6d98abdae1d2e8d682005decb2759a2810247007cc,api,0.0390656154810095,0.5660728888479172,5.7506345090778464e-05,0.0001303622242435,0.000135643539819,api_x_ksc,0.1613352155588925,False,venue_year_topic:impact:api,True,Cumulative Citations,API,5,3,9
venue_year_topic,impact,top10,M3_quantity,quantity_centered,0.0085386080900433,0.0018660571460517,0.0048149490308244,0.0122622671492621,4.575748448063151,2.0716723658514405e-05,29239,69,1b6b84deb2b845abca82df6d98abdae1d2e8d682005decb2759a2810247007cc,quantity,0.0217994999521877,0.2511783775761155,0.0003534670282693,0.0004726693697836,0.0004829695801969,quantity_x_ksc,,False,,False,Top Cited (10%),GPU Count,6,0,0
venue_year_topic,impact,top10,M3_quantity,performance_centered,0.0070934765931944,0.0044879425780079,-0.0018620733872615,0.0160490265736503,1.58056313553438,0.1186186318539182,29239,69,1b6b84deb2b845abca82df6d98abdae1d2e8d682005decb2759a2810247007cc,quantity,0.0217994999521877,0.2511783775761155,0.0003534670282693,0.0004726693697836,0.0004829695801969,quantity_x_ksc,,False,,False,Top Cited (10%),GPU Count,6,0,1
venue_year_topic,impact,top10,M3_quantity,memory_centered,0.0214352728967489,0.0040518839542192,0.0133498643523452,0.0295206814411525,5.290199112052097,1.4058750355964888e-06,29239,69,1b6b84deb2b845abca82df6d98abdae1d2e8d682005decb2759a2810247007cc,quantity,0.0217994999521877,0.2511783775761155,0.0003534670282693,0.0004726693697836,0.0004829695801969,quantity_x_ksc,,False,,False,Top Cited (10%),GPU Count,6,0,2
venue_year_topic,impact,top10,M3_quantity,api,0.0424324518795461,0.0121696329338827,0.0181483274530775,0.0667165763060146,3.486748705575606,0.0008613481425247,29239,69,1b6b84deb2b845abca82df6d98abdae1d2e8d682005decb2759a2810247007cc,quantity,0.0217994999521877,0.2511783775761155,0.0003534670282693,0.0004726693697836,0.0004829695801969,quantity_x_ksc,,False,,False,Top Cited (10%),GPU Count,6,0,3
venue_year_topic,impact,top10,M3_quantity,ksc_z,0.0384205884156433,0.0195550752604253,-0.0006009567183077,0.0774421335495945,1.9647374353704083,0.0535322328667033,29239,69,1b6b84deb2b845abca82df6d98abdae1d2e8d682005decb2759a2810247007cc,quantity,0.0217994999521877,0.2511783775761155,0.0003534670282693,0.0004726693697836,0.0004829695801969,quantity_x_ksc,,False,,False,Top Cited (10%),GPU Count,6,0,4
venue_year_topic,impact,top10,M3_quantity,log_team,0.1122823813728034,0.0143753600527306,0.0835967970094616,0.1409679657361451,7.810752632347087,4.8349364613511926e-11,29239,69,1b6b84deb2b845abca82df6d98abdae1d2e8d682005decb2759a2810247007cc,quantity,0.0217994999521877,0.2511783775761155,0.0003534670282693,0.0004726693697836,0.0004829695801969,quantity_x_ksc,,False,,False,Top Cited (10%),GPU Count,6,0,5
venue_year_topic,impact,top10,M3_quantity,log_org,0.01952841316449,0.0079142350485452,0.0037358030090847,0.0353210233198953,2.467504824497168,0.0161282292480053,29239,69,1b6b84deb2b845abca82df6d98abdae1d2e8d682005decb2759a2810247007cc,quantity,0.0217994999521877,0.2511783775761155,0.0003534670282693,0.0004726693697836,0.0004829695801969,quantity_x_ksc,,False,,False,Top Cited (10%),GPU Count,6,0,6
venue_year_topic,impact,top10,M3_quantity,company,-0.0095906909372217,0.0062203156704977,-0.0220031376013861,0.0028217557269427,-1.5418334768296853,0.1277551692846361,29239,69,1b6b84deb2b845abca82df6d98abdae1d2e8d682005decb2759a2810247007cc,quantity,0.0217994999521877,0.2511783775761155,0.0003534670282693,0.0004726693697836,0.0004829695801969,quantity_x_ksc,,False,,False,Top Cited (10%),GPU Count,6,0,7
venue_year_topic,impact,top10,M3_quantity,prior_team_productivity_5y,0.020369008694147,0.009600674075974,0.0012111618547569,0.0395268555335371,2.121622766584807,0.0375165532016763,29239,69,1b6b84deb2b845abca82df6d98abdae1d2e8d682005decb2759a2810247007cc,quantity,0.0217994999521877,0.2511783775761155,0.0003534670282693,0.0004726693697836,0.0004829695801969,quantity_x_ksc,,False,,False,Top Cited (10%),GPU Count,6,0,8
venue_year_topic,impact,top10,M3_quantity,quantity_x_ksc,-0.0060082730835729,0.0016141093453853,-0.00922917813422,-0.0027873680329258,-3.7223457634702486,0.0004026626735926,29239,69,1b6b84deb2b845abca82df6d98abdae1d2e8d682005decb2759a2810247007cc,quantity,0.0217994999521877,0.2511783775761155,0.0003534670282693,0.0004726693697836,0.0004829695801969,quantity_x_ksc,0.0016106506943704,True,venue_year_topic:impact:quantity,True,Top Cited (10%),GPU Count,6,0,9
venue_year_topic,impact,top10,M3_performance,quantity_centered,0.008692501070682,0.0018620253428534,0.0049768873494829,0.0124081147918811,4.668304383742288,1.4756651258998963e-05,29239,69,1b6b84deb2b845abca82df6d98abdae1d2e8d682005decb2759a2810247007cc,performance,0.0213520533913206,0.2508358530531367,1.8861876572174534e-05,2.522280891645958e-05,2.5772453669563216e-05,performance_x_ksc,,False,,False,Top Cited (10%),Performance,6,1,0
venue_year_topic,impact,top10,M3_performance,performance_centered,0.0073841009836555,0.0044550661737244,-0.0015058451534756,0.0162740471207868,1.6574615719977868,0.1020331376077748,29239,69,1b6b84deb2b845abca82df6d98abdae1d2e8d682005decb2759a2810247007cc,performance,0.0213520533913206,0.2508358530531367,1.8861876572174534e-05,2.522280891645958e-05,2.5772453669563216e-05,performance_x_ksc,,False,,False,Top Cited (10%),Performance,6,1,1
venue_year_topic,impact,top10,M3_performance,memory_centered,0.0213561085656111,0.0040683509497483,0.0132378406432352,0.0294743764879871,5.249328002770297,1.6464568045839835e-06,29239,69,1b6b84deb2b845abca82df6d98abdae1d2e8d682005decb2759a2810247007cc,performance,0.0213520533913206,0.2508358530531367,1.8861876572174534e-05,2.522280891645958e-05,2.5772453669563216e-05,performance_x_ksc,,False,,False,Top Cited (10%),Performance,6,1,2
venue_year_topic,impact,top10,M3_performance,api,0.0416953213754092,0.0121172739765421,0.017515677621596,0.0658749651292223,3.4409819779702446,0.000995151863374,29239,69,1b6b84deb2b845abca82df6d98abdae1d2e8d682005decb2759a2810247007cc,performance,0.0213520533913206,0.2508358530531367,1.8861876572174534e-05,2.522280891645958e-05,2.5772453669563216e-05,performance_x_ksc,,False,,False,Top Cited (10%),Performance,6,1,3
venue_year_topic,impact,top10,M3_performance,ksc_z,0.0321373930106221,0.0194849531568834,-0.0067442256443046,0.0710190116655488,1.649344124764752,0.103689684684257,29239,69,1b6b84deb2b845abca82df6d98abdae1d2e8d682005decb2759a2810247007cc,performance,0.0213520533913206,0.2508358530531367,1.8861876572174534e-05,2.522280891645958e-05,2.5772453669563216e-05,performance_x_ksc,,False,,False,Top Cited (10%),Performance,6,1,4
venue_year_topic,impact,top10,M3_performance,log_team,0.1121876763020405,0.0144183255643866,0.0834163555950662,0.1409589970090148,7.780908802555031,5.477402451144598e-11,29239,69,1b6b84deb2b845abca82df6d98abdae1d2e8d682005decb2759a2810247007cc,performance,0.0213520533913206,0.2508358530531367,1.8861876572174534e-05,2.522280891645958e-05,2.5772453669563216e-05,performance_x_ksc,,False,,False,Top Cited (10%),Performance,6,1,5
venue_year_topic,impact,top10,M3_performance,log_org,0.0194683489871924,0.0079410557202285,0.0036222190147231,0.0353144789596617,2.451607150621044,0.0167962016870104,29239,69,1b6b84deb2b845abca82df6d98abdae1d2e8d682005decb2759a2810247007cc,performance,0.0213520533913206,0.2508358530531367,1.8861876572174534e-05,2.522280891645958e-05,2.5772453669563216e-05,performance_x_ksc,,False,,False,Top Cited (10%),Performance,6,1,6
venue_year_topic,impact,top10,M3_performance,company,-0.0094150373061069,0.0062147096723761,-0.0218162973751901,0.0029862227629762,-1.514960119208138,0.134417274294428,29239,69,1b6b84deb2b845abca82df6d98abdae1d2e8d682005decb2759a2810247007cc,performance,0.0213520533913206,0.2508358530531367,1.8861876572174534e-05,2.522280891645958e-05,2.5772453669563216e-05,performance_x_ksc,,False,,False,Top Cited (10%),Performance,6,1,7
venue_year_topic,impact,top10,M3_performance,prior_team_productivity_5y,0.0205834686879655,0.0095944632156566,0.0014380154273762,0.0397289219485547,2.145348647996964,0.0354991061662855,29239,69,1b6b84deb2b845abca82df6d98abdae1d2e8d682005decb2759a2810247007cc,performance,0.0213520533913206,0.2508358530531367,1.8861876572174534e-05,2.522280891645958e-05,2.5772453669563216e-05,performance_x_ksc,,False,,False,Top Cited (10%),Performance,6,1,8
venue_year_topic,impact,top10,M3_performance,performance_x_ksc,-0.0023861601066192,0.0027064380382635,-0.0077867731268141,0.0030144529135755,-0.8816607189537813,0.3810661822949437,29239,69,1b6b84deb2b845abca82df6d98abdae1d2e8d682005decb2759a2810247007cc,performance,0.0213520533913206,0.2508358530531367,1.8861876572174534e-05,2.522280891645958e-05,2.5772453669563216e-05,performance_x_ksc,0.442118759911365,False,venue_year_topic:impact:performance,True,Top Cited (10%),Performance,6,1,9
venue_year_topic,impact,top10,M3_memory,quantity_centered,0.0087126457937937,0.0018579372837904,0.0050051896674446,0.0124201019201428,4.689418674035374,1.3651950176421534e-05,29239,69,1b6b84deb2b845abca82df6d98abdae1d2e8d682005decb2759a2810247007cc,memory,0.0213493208144943,0.250833761240045,1.6818427446783986e-05,2.2490232090235007e-05,2.298032968822354e-05,memory_x_ksc,,False,,False,Top Cited (10%),VRAM,6,2,0
venue_year_topic,impact,top10,M3_memory,performance_centered,0.0070948136488263,0.0044388119052553,-0.0017626976005716,0.0159523248982243,1.598358705045922,0.1145998887039457,29239,69,1b6b84deb2b845abca82df6d98abdae1d2e8d682005decb2759a2810247007cc,memory,0.0213493208144943,0.250833761240045,1.6818427446783986e-05,2.2490232090235007e-05,2.298032968822354e-05,memory_x_ksc,,False,,False,Top Cited (10%),VRAM,6,2,1
venue_year_topic,impact,top10,M3_memory,memory_centered,0.0214764834810689,0.0040140506191166,0.0134665701814349,0.029486396780703,5.350327018495632,1.1134651669747785e-06,29239,69,1b6b84deb2b845abca82df6d98abdae1d2e8d682005decb2759a2810247007cc,memory,0.0213493208144943,0.250833761240045,1.6818427446783986e-05,2.2490232090235007e-05,2.298032968822354e-05,memory_x_ksc,,False,,False,Top Cited (10%),VRAM,6,2,2
venue_year_topic,impact,top10,M3_memory,api,0.0417806168528503,0.0120893091129243,0.0176567761155581,0.0659044575901426,3.455997068367108,0.0009492231817119,29239,69,1b6b84deb2b845abca82df6d98abdae1d2e8d682005decb2759a2810247007cc,memory,0.0213493208144943,0.250833761240045,1.6818427446783986e-05,2.2490232090235007e-05,2.298032968822354e-05,memory_x_ksc,,False,,False,Top Cited (10%),VRAM,6,2,3
venue_year_topic,impact,top10,M3_memory,ksc_z,0.0315187541201873,0.0195847025920629,-0.0075619114335679,0.0705994196739425,1.6093557699957506,0.1121716776539337,29239,69,1b6b84deb2b845abca82df6d98abdae1d2e8d682005decb2759a2810247007cc,memory,0.0213493208144943,0.250833761240045,1.6818427446783986e-05,2.2490232090235007e-05,2.298032968822354e-05,memory_x_ksc,,False,,False,Top Cited (10%),VRAM,6,2,4
venue_year_topic,impact,top10,M3_memory,log_team,0.112194686066789,0.0144134893554107,0.0834330158645722,0.1409563562690059,7.7840058919995005,5.406944292921098e-11,29239,69,1b6b84deb2b845abca82df6d98abdae1d2e8d682005decb2759a2810247007cc,memory,0.0213493208144943,0.250833761240045,1.6818427446783986e-05,2.2490232090235007e-05,2.298032968822354e-05,memory_x_ksc,,False,,False,Top Cited (10%),VRAM,6,2,5
venue_year_topic,impact,top10,M3_memory,log_org,0.0194838869726142,0.0079464899894583,0.0036269130847318,0.0353408608604967,2.4518859268005286,0.0167842776628946,29239,69,1b6b84deb2b845abca82df6d98abdae1d2e8d682005decb2759a2810247007cc,memory,0.0213493208144943,0.250833761240045,1.6818427446783986e-05,2.2490232090235007e-05,2.298032968822354e-05,memory_x_ksc,,False,,False,Top Cited (10%),VRAM,6,2,6
venue_year_topic,impact,top10,M3_memory,company,-0.0094215471060551,0.0062059253044265,-0.0218052782418125,0.0029621840297022,-1.518153481372877,0.1336115203112913,29239,69,1b6b84deb2b845abca82df6d98abdae1d2e8d682005decb2759a2810247007cc,memory,0.0213493208144943,0.250833761240045,1.6818427446783986e-05,2.2490232090235007e-05,2.298032968822354e-05,memory_x_ksc,,False,,False,Top Cited (10%),VRAM,6,2,7
venue_year_topic,impact,top10,M3_memory,prior_team_productivity_5y,0.0205550230770337,0.0096016354526141,0.0013952578404269,0.0397147883136406,2.140783534063193,0.0358797689167011,29239,69,1b6b84deb2b845abca82df6d98abdae1d2e8d682005decb2759a2810247007cc,memory,0.0213493208144943,0.250833761240045,1.6818427446783986e-05,2.2490232090235007e-05,2.298032968822354e-05,memory_x_ksc,,False,,False,Top Cited (10%),VRAM,6,2,8
venue_year_topic,impact,top10,M3_memory,memory_x_ksc,-0.0023734875508513,0.0031700099835746,-0.008699143985397,0.0039521688836943,-0.7487318851200689,0.4566009126898238,29239,69,1b6b84deb2b845abca82df6d98abdae1d2e8d682005decb2759a2810247007cc,memory,0.0213493208144943,0.250833761240045,1.6818427446783986e-05,2.2490232090235007e-05,2.298032968822354e-05,memory_x_ksc,0.9132018253796476,False,venue_year_topic:impact:memory,True,Top Cited (10%),VRAM,6,2,9
venue_year_topic,impact,top10,M3_api,quantity_centered,0.0087637975964153,0.0018674881632671,0.0050372829868027,0.0124903122060279,4.69282631547349,1.3481386273690632e-05,29239,69,1b6b84deb2b845abca82df6d98abdae1d2e8d682005decb2759a2810247007cc,api,0.0214328215109719,0.250897681803372,7.926110922208111e-05,0.0001059909285677,0.0001083006379247,api_x_ksc,,False,,False,Top Cited (10%),API,6,3,0
venue_year_topic,impact,top10,M3_api,performance_centered,0.0069644374286191,0.004461805299761,-0.0019389564251429,0.0158678312823812,1.5609012408031682,0.1231893510249769,29239,69,1b6b84deb2b845abca82df6d98abdae1d2e8d682005decb2759a2810247007cc,api,0.0214328215109719,0.250897681803372,7.926110922208111e-05,0.0001059909285677,0.0001083006379247,api_x_ksc,,False,,False,Top Cited (10%),API,6,3,1
venue_year_topic,impact,top10,M3_api,memory_centered,0.0214504842053442,0.0040877859180128,0.0132934344076131,0.0296075340030753,5.247457825719907,1.6583832563321745e-06,29239,69,1b6b84deb2b845abca82df6d98abdae1d2e8d682005decb2759a2810247007cc,api,0.0214328215109719,0.250897681803372,7.926110922208111e-05,0.0001059909285677,0.0001083006379247,api_x_ksc,,False,,False,Top Cited (10%),API,6,3,2
venue_year_topic,impact,top10,M3_api,api,0.0438617868023884,0.0119836823513425,0.0199487209861603,0.0677748526186166,3.6601259543127567,0.0004935557851167,29239,69,1b6b84deb2b845abca82df6d98abdae1d2e8d682005decb2759a2810247007cc,api,0.0214328215109719,0.250897681803372,7.926110922208111e-05,0.0001059909285677,0.0001083006379247,api_x_ksc,,False,,False,Top Cited (10%),API,6,3,3
venue_year_topic,impact,top10,M3_api,ksc_z,0.0332986921933732,0.0197080024839413,-0.0060280144638739,0.0726253988506204,1.689602597752156,0.0956842732600808,29239,69,1b6b84deb2b845abca82df6d98abdae1d2e8d682005decb2759a2810247007cc,api,0.0214328215109719,0.250897681803372,7.926110922208111e-05,0.0001059909285677,0.0001083006379247,api_x_ksc,,False,,False,Top Cited (10%),API,6,3,4
venue_year_topic,impact,top10,M3_api,log_team,0.1122728138807574,0.0143980201726263,0.0835420119521813,0.1410036158093335,7.797795289536506,5.104069061878816e-11,29239,69,1b6b84deb2b845abca82df6d98abdae1d2e8d682005decb2759a2810247007cc,api,0.0214328215109719,0.250897681803372,7.926110922208111e-05,0.0001059909285677,0.0001083006379247,api_x_ksc,,False,,False,Top Cited (10%),API,6,3,5
venue_year_topic,impact,top10,M3_api,log_org,0.0195532841271074,0.0079431907162007,0.0037028938365068,0.0354036744177079,2.461641023830263,0.0163717795734864,29239,69,1b6b84deb2b845abca82df6d98abdae1d2e8d682005decb2759a2810247007cc,api,0.0214328215109719,0.250897681803372,7.926110922208111e-05,0.0001059909285677,0.0001083006379247,api_x_ksc,,False,,False,Top Cited (10%),API,6,3,6
venue_year_topic,impact,top10,M3_api,company,-0.0094303275492746,0.0062060334134137,-0.0218142744131572,0.0029536193146079,-1.5195418588775074,0.1332623963356151,29239,69,1b6b84deb2b845abca82df6d98abdae1d2e8d682005decb2759a2810247007cc,api,0.0214328215109719,0.250897681803372,7.926110922208111e-05,0.0001059909285677,0.0001083006379247,api_x_ksc,,False,,False,Top Cited (10%),API,6,3,7
venue_year_topic,impact,top10,M3_api,prior_team_productivity_5y,0.0205844626520409,0.0095823401050992,0.0014632006819211,0.0397057246221606,2.1481665674845822,0.0352658955166384,29239,69,1b6b84deb2b845abca82df6d98abdae1d2e8d682005decb2759a2810247007cc,api,0.0214328215109719,0.250897681803372,7.926110922208111e-05,0.0001059909285677,0.0001083006379247,api_x_ksc,,False,,False,Top Cited (10%),API,6,3,8
venue_year_topic,impact,top10,M3_api,api_x_ksc,-0.0121671759747078,0.0081969837981294,-0.0285240024753089,0.0041896505258933,-1.4843479350885551,0.1423375347937969,29239,69,1b6b84deb2b845abca82df6d98abdae1d2e8d682005decb2759a2810247007cc,api,0.0214328215109719,0.250897681803372,7.926110922208111e-05,0.0001059909285677,0.0001083006379247,api_x_ksc,0.1613352155588925,False,venue_year_topic:impact:api,True,Top Cited (10%),API,6,3,9
venue_year_topic,impact,top5,M3_quantity,quantity_centered,0.0075168880626108,0.0016848667441237,0.0041547888211125,0.0108789873041091,4.461413989460704,3.136633204124301e-05,29239,69,1b6b84deb2b845abca82df6d98abdae1d2e8d682005decb2759a2810247007cc,quantity,0.0167586407967046,0.1878359225540086,0.0002574412844143,0.0003190462192363,0.0003243788764547,quantity_x_ksc,,False,,False,Top Cited (5%),GPU Count,7,0,0
venue_year_topic,impact,top5,M3_quantity,performance_centered,0.0076364885765714,0.0034174547692807,0.000817063759905,0.0144559133932378,2.234554395632492,0.0287365759931067,29239,69,1b6b84deb2b845abca82df6d98abdae1d2e8d682005decb2759a2810247007cc,quantity,0.0167586407967046,0.1878359225540086,0.0002574412844143,0.0003190462192363,0.0003243788764547,quantity_x_ksc,,False,,False,Top Cited (5%),GPU Count,7,0,1
venue_year_topic,impact,top5,M3_quantity,memory_centered,0.0146558191580014,0.0037412327994542,0.0071903053414441,0.0221213329745587,3.9173769566382792,0.0002101876966664,29239,69,1b6b84deb2b845abca82df6d98abdae1d2e8d682005decb2759a2810247007cc,quantity,0.0167586407967046,0.1878359225540086,0.0002574412844143,0.0003190462192363,0.0003243788764547,quantity_x_ksc,,False,,False,Top Cited (5%),GPU Count,7,0,2
venue_year_topic,impact,top5,M3_quantity,api,0.0295296164731668,0.0085475856573262,0.0124731748552369,0.0465860580910967,3.454731857276755,0.0009530144694839,29239,69,1b6b84deb2b845abca82df6d98abdae1d2e8d682005decb2759a2810247007cc,quantity,0.0167586407967046,0.1878359225540086,0.0002574412844143,0.0003190462192363,0.0003243788764547,quantity_x_ksc,,False,,False,Top Cited (5%),GPU Count,7,0,3
venue_year_topic,impact,top5,M3_quantity,ksc_z,0.0197615938969783,0.0176526183055663,-0.0154636574901689,0.0549868452841256,1.1194709790301776,0.2668779676541726,29239,69,1b6b84deb2b845abca82df6d98abdae1d2e8d682005decb2759a2810247007cc,quantity,0.0167586407967046,0.1878359225540086,0.0002574412844143,0.0003190462192363,0.0003243788764547,quantity_x_ksc,,False,,False,Top Cited (5%),GPU Count,7,0,4
venue_year_topic,impact,top5,M3_quantity,log_team,0.0873687637249758,0.0115240993590851,0.0643727814912108,0.1103647459587407,7.581396255152709,1.260715689716958e-10,29239,69,1b6b84deb2b845abca82df6d98abdae1d2e8d682005decb2759a2810247007cc,quantity,0.0167586407967046,0.1878359225540086,0.0002574412844143,0.0003190462192363,0.0003243788764547,quantity_x_ksc,,False,,False,Top Cited (5%),GPU Count,7,0,5
venue_year_topic,impact,top5,M3_quantity,log_org,0.0082241060140815,0.0067151314733275,-0.0051757302114103,0.0216239422395734,1.2247125833273051,0.224909297123782,29239,69,1b6b84deb2b845abca82df6d98abdae1d2e8d682005decb2759a2810247007cc,quantity,0.0167586407967046,0.1878359225540086,0.0002574412844143,0.0003190462192363,0.0003243788764547,quantity_x_ksc,,False,,False,Top Cited (5%),GPU Count,7,0,6
venue_year_topic,impact,top5,M3_quantity,company,-0.0126228806615483,0.0051779293297906,-0.022955277768285,-0.0022904835548116,-2.437824052353107,0.0173953031081077,29239,69,1b6b84deb2b845abca82df6d98abdae1d2e8d682005decb2759a2810247007cc,quantity,0.0167586407967046,0.1878359225540086,0.0002574412844143,0.0003190462192363,0.0003243788764547,quantity_x_ksc,,False,,False,Top Cited (5%),GPU Count,7,0,7
venue_year_topic,impact,top5,M3_quantity,prior_team_productivity_5y,0.0180411200176119,0.006745109430582,0.0045814637097909,0.0315007763254329,2.6746964157192323,0.0093603917927129,29239,69,1b6b84deb2b845abca82df6d98abdae1d2e8d682005decb2759a2810247007cc,quantity,0.0167586407967046,0.1878359225540086,0.0002574412844143,0.0003190462192363,0.0003243788764547,quantity_x_ksc,,False,,False,Top Cited (5%),GPU Count,7,0,8
venue_year_topic,impact,top5,M3_quantity,quantity_x_ksc,-0.0042884291780396,0.0015481016451296,-0.0073776179135913,-0.0011992404424879,-2.770121194258204,0.0072181709911296,29239,69,1b6b84deb2b845abca82df6d98abdae1d2e8d682005decb2759a2810247007cc,quantity,0.0167586407967046,0.1878359225540086,0.0002574412844143,0.0003190462192363,0.0003243788764547,quantity_x_ksc,0.0144363419822593,True,venue_year_topic:impact:quantity,True,Top Cited (5%),GPU Count,7,0,9
venue_year_topic,impact,top5,M3_performance,quantity_centered,0.0076055863552114,0.0017268797271555,0.0041596515113565,0.0110515211990664,4.404236285603449,3.852597422132835e-05,29239,69,1b6b84deb2b845abca82df6d98abdae1d2e8d682005decb2759a2810247007cc,performance,0.0166659961902932,0.1877593974764251,0.0001826855122703,0.0002264016128249,0.0002301857736207,performance_x_ksc,,False,,False,Top Cited (5%),Performance,7,1,0
venue_year_topic,impact,top5,M3_performance,performance_centered,0.0086052462056989,0.0033200832914289,0.0019801231478931,0.0152303692635047,2.5918766037930627,0.0116735708464246,29239,69,1b6b84deb2b845abca82df6d98abdae1d2e8d682005decb2759a2810247007cc,performance,0.0166659961902932,0.1877593974764251,0.0001826855122703,0.0002264016128249,0.0002301857736207,performance_x_ksc,,False,,False,Top Cited (5%),Performance,7,1,1
venue_year_topic,impact,top5,M3_performance,memory_centered,0.0145730219306506,0.0037492495015174,0.0070915110341937,0.0220545328271075,3.8869170816058953,0.0002329242377429,29239,69,1b6b84deb2b845abca82df6d98abdae1d2e8d682005decb2759a2810247007cc,performance,0.0166659961902932,0.1877593974764251,0.0001826855122703,0.0002264016128249,0.0002301857736207,performance_x_ksc,,False,,False,Top Cited (5%),Performance,7,1,2
venue_year_topic,impact,top5,M3_performance,api,0.0291242046758937,0.0085318711312124,0.012099120906596,0.0461492884451914,3.413577658170144,0.0010844469222236,29239,69,1b6b84deb2b845abca82df6d98abdae1d2e8d682005decb2759a2810247007cc,performance,0.0166659961902932,0.1877593974764251,0.0001826855122703,0.0002264016128249,0.0002301857736207,performance_x_ksc,,False,,False,Top Cited (5%),Performance,7,1,3
venue_year_topic,impact,top5,M3_performance,ksc_z,0.0143679472363937,0.0175641804647961,-0.0206808291871339,0.0494167236599215,0.8180254846043865,0.4161999138934539,29239,69,1b6b84deb2b845abca82df6d98abdae1d2e8d682005decb2759a2810247007cc,performance,0.0166659961902932,0.1877593974764251,0.0001826855122703,0.0002264016128249,0.0002301857736207,performance_x_ksc,,False,,False,Top Cited (5%),Performance,7,1,4
venue_year_topic,impact,top5,M3_performance,log_team,0.0872930150890815,0.0115735971961334,0.0641982614593136,0.1103877687188494,7.54242726870125,1.4834771158745254e-10,29239,69,1b6b84deb2b845abca82df6d98abdae1d2e8d682005decb2759a2810247007cc,performance,0.0166659961902932,0.1877593974764251,0.0001826855122703,0.0002264016128249,0.0002301857736207,performance_x_ksc,,False,,False,Top Cited (5%),Performance,7,1,5
venue_year_topic,impact,top5,M3_performance,log_org,0.0082697786365113,0.0067179384304728,-0.0051356587847557,0.0216752160577784,1.2309994683784706,0.2225639011932446,29239,69,1b6b84deb2b845abca82df6d98abdae1d2e8d682005decb2759a2810247007cc,performance,0.0166659961902932,0.1877593974764251,0.0001826855122703,0.0002264016128249,0.0002301857736207,performance_x_ksc,,False,,False,Top Cited (5%),Performance,7,1,6
venue_year_topic,impact,top5,M3_performance,company,-0.0125397968879735,0.005193133840702,-0.0229025341238514,-0.0021770596520955,-2.4146877921171064,0.0184441118298184,29239,69,1b6b84deb2b845abca82df6d98abdae1d2e8d682005decb2759a2810247007cc,performance,0.0166659961902932,0.1877593974764251,0.0001826855122703,0.0002264016128249,0.0002301857736207,performance_x_ksc,,False,,False,Top Cited (5%),Performance,7,1,7
venue_year_topic,impact,top5,M3_performance,prior_team_productivity_5y,0.0182027748518455,0.0067297370937511,0.0047737935645742,0.0316317561391168,2.70482703830254,0.0086283335571973,29239,69,1b6b84deb2b845abca82df6d98abdae1d2e8d682005decb2759a2810247007cc,performance,0.0166659961902932,0.1877593974764251,0.0001826855122703,0.0002264016128249,0.0002301857736207,performance_x_ksc,,False,,False,Top Cited (5%),Performance,7,1,8
venue_year_topic,impact,top5,M3_performance,performance_x_ksc,-0.006210736744218,0.0026767869996415,-0.0115521820380579,-0.000869291450378,-2.320220751613709,0.0233371433179956,29239,69,1b6b84deb2b845abca82df6d98abdae1d2e8d682005decb2759a2810247007cc,performance,0.0166659961902932,0.1877593974764251,0.0001826855122703,0.0002264016128249,0.0002301857736207,performance_x_ksc,0.0700114299539868,False,venue_year_topic:impact:performance,True,Top Cited (5%),Performance,7,1,9
venue_year_topic,impact,top5,M3_memory,quantity_centered,0.0076557977091562,0.0017316917269665,0.0042002606691804,0.0111113347491319,4.420993407739663,3.627785432823046e-05,29239,69,1b6b84deb2b845abca82df6d98abdae1d2e8d682005decb2759a2810247007cc,memory,0.0166048075567699,0.187708855247266,0.000133311849597,0.0001652129793016,0.0001679744105098,memory_x_ksc,,False,,False,Top Cited (5%),VRAM,7,2,0
venue_year_topic,impact,top5,M3_memory,performance_centered,0.0078240601594357,0.0033473364596646,0.0011445542511326,0.0145035660677388,2.3373987807068834,0.0223697238724441,29239,69,1b6b84deb2b845abca82df6d98abdae1d2e8d682005decb2759a2810247007cc,memory,0.0166048075567699,0.187708855247266,0.000133311849597,0.0001652129793016,0.0001679744105098,memory_x_ksc,,False,,False,Top Cited (5%),VRAM,7,2,1
venue_year_topic,impact,top5,M3_memory,memory_centered,0.0148599164610328,0.0036203603047669,0.0076355999522885,0.0220842329697771,4.10454076669295,0.0001107947319844,29239,69,1b6b84deb2b845abca82df6d98abdae1d2e8d682005decb2759a2810247007cc,memory,0.0166048075567699,0.187708855247266,0.000133311849597,0.0001652129793016,0.0001679744105098,memory_x_ksc,,False,,False,Top Cited (5%),VRAM,7,2,2
venue_year_topic,impact,top5,M3_memory,api,0.0293091863183209,0.0085178255239175,0.0123121301220034,0.0463062425146385,3.4409235357102173,0.0009953346693805,29239,69,1b6b84deb2b845abca82df6d98abdae1d2e8d682005decb2759a2810247007cc,memory,0.0166048075567699,0.187708855247266,0.000133311849597,0.0001652129793016,0.0001679744105098,memory_x_ksc,,False,,False,Top Cited (5%),VRAM,7,2,3
venue_year_topic,impact,top5,M3_memory,ksc_z,0.0130306878352684,0.0177303757305666,-0.0223497260776549,0.0484111017481918,0.7349357979370925,0.4649057026053306,29239,69,1b6b84deb2b845abca82df6d98abdae1d2e8d682005decb2759a2810247007cc,memory,0.0166048075567699,0.187708855247266,0.000133311849597,0.0001652129793016,0.0001679744105098,memory_x_ksc,,False,,False,Top Cited (5%),VRAM,7,2,4
venue_year_topic,impact,top5,M3_memory,log_team,0.0873105916172738,0.0115652432511901,0.0642325080250953,0.1103886752094524,7.549395176646125,1.440944345774621e-10,29239,69,1b6b84deb2b845abca82df6d98abdae1d2e8d682005decb2759a2810247007cc,memory,0.0166048075567699,0.187708855247266,0.000133311849597,0.0001652129793016,0.0001679744105098,memory_x_ksc,,False,,False,Top Cited (5%),VRAM,7,2,5
venue_year_topic,impact,top5,M3_memory,log_org,0.0082947329062917,0.0067188312130844,-0.0051124860349392,0.0217019518475227,1.2345499750222042,0.2212472765294046,29239,69,1b6b84deb2b845abca82df6d98abdae1d2e8d682005decb2759a2810247007cc,memory,0.0166048075567699,0.187708855247266,0.000133311849597,0.0001652129793016,0.0001679744105098,memory_x_ksc,,False,,False,Top Cited (5%),VRAM,7,2,6
venue_year_topic,impact,top5,M3_memory,company,-0.0125495694654364,0.0051674310532985,-0.0228610175875994,-0.0022381213432733,-2.428589629159273,0.0178073336992193,29239,69,1b6b84deb2b845abca82df6d98abdae1d2e8d682005decb2759a2810247007cc,memory,0.0166048075567699,0.187708855247266,0.000133311849597,0.0001652129793016,0.0001679744105098,memory_x_ksc,,False,,False,Top Cited (5%),VRAM,7,2,7
venue_year_topic,impact,top5,M3_memory,prior_team_productivity_5y,0.0181346679206949,0.0067277359461055,0.0047096798613775,0.0315596559800123,2.6955082758847677,0.0088489565195116,29239,69,1b6b84deb2b845abca82df6d98abdae1d2e8d682005decb2759a2810247007cc,memory,0.0166048075567699,0.187708855247266,0.000133311849597,0.0001652129793016,0.0001679744105098,memory_x_ksc,,False,,False,Top Cited (5%),VRAM,7,2,8
venue_year_topic,impact,top5,M3_memory,memory_x_ksc,-0.0055887229163087,0.0030178611410283,-0.0116107710626002,0.0004333252299828,-1.8518820632033148,0.0683844080161067,29239,69,1b6b84deb2b845abca82df6d98abdae1d2e8d682005decb2759a2810247007cc,memory,0.0166048075567699,0.187708855247266,0.000133311849597,0.0001652129793016,0.0001679744105098,memory_x_ksc,0.2051532240483203,False,venue_year_topic:impact:memory,True,Top Cited (5%),VRAM,7,2,9
venue_year_topic,impact,top5,M3_api,quantity_centered,0.0076979261784662,0.0017323267709158,0.0042411219280195,0.0111547304289129,4.443691748985988,3.343466977753603e-05,29239,69,1b6b84deb2b845abca82df6d98abdae1d2e8d682005decb2759a2810247007cc,api,0.0165949050130588,0.1877006756785341,0.0001253213973732,0.0001553104355904,0.0001579063519985,api_x_ksc,,False,,False,Top Cited (5%),API,7,3,0
venue_year_topic,impact,top5,M3_api,performance_centered,0.0075387615670913,0.0033895685275024,0.0007749828795078,0.0143025402546749,2.2241065510028784,0.0294651479409247,29239,69,1b6b84deb2b845abca82df6d98abdae1d2e8d682005decb2759a2810247007cc,api,0.0165949050130588,0.1877006756785341,0.0001253213973732,0.0001553104355904,0.0001579063519985,api_x_ksc,,False,,False,Top Cited (5%),API,7,3,1
venue_year_topic,impact,top5,M3_api,memory_centered,0.0146938614276583,0.0037707384219758,0.0071694700580568,0.0222182527972598,3.8968127149904457,0.0002252907190099,29239,69,1b6b84deb2b845abca82df6d98abdae1d2e8d682005decb2759a2810247007cc,api,0.0165949050130588,0.1877006756785341,0.0001253213973732,0.0001553104355904,0.0001579063519985,api_x_ksc,,False,,False,Top Cited (5%),API,7,3,2
venue_year_topic,impact,top5,M3_api,api,0.031303417121193,0.0083435943635068,0.0146540337923619,0.047952800450024,3.751790386420003,0.0003654450799353,29239,69,1b6b84deb2b845abca82df6d98abdae1d2e8d682005decb2759a2810247007cc,api,0.0165949050130588,0.1877006756785341,0.0001253213973732,0.0001553104355904,0.0001579063519985,api_x_ksc,,False,,False,Top Cited (5%),API,7,3,3
venue_year_topic,impact,top5,M3_api,ksc_z,0.0163356194274027,0.0177968729287881,-0.0191774875785988,0.0518487264334044,0.9178926822013967,0.361919318578927,29239,69,1b6b84deb2b845abca82df6d98abdae1d2e8d682005decb2759a2810247007cc,api,0.0165949050130588,0.1877006756785341,0.0001253213973732,0.0001553104355904,0.0001579063519985,api_x_ksc,,False,,False,Top Cited (5%),API,7,3,4
venue_year_topic,impact,top5,M3_api,log_team,0.0873892433669666,0.0115542675894869,0.0643330613667187,0.1104454253672145,7.563373679044875,1.3592537752697392e-10,29239,69,1b6b84deb2b845abca82df6d98abdae1d2e8d682005decb2759a2810247007cc,api,0.0165949050130588,0.1877006756785341,0.0001253213973732,0.0001553104355904,0.0001579063519985,api_x_ksc,,False,,False,Top Cited (5%),API,7,3,5
venue_year_topic,impact,top5,M3_api,log_org,0.0082863932662775,0.0067308626717858,-0.0051448340769919,0.0217176206095469,1.2311041942680132,0.2225249840909927,29239,69,1b6b84deb2b845abca82df6d98abdae1d2e8d682005decb2759a2810247007cc,api,0.0165949050130588,0.1877006756785341,0.0001253213973732,0.0001553104355904,0.0001579063519985,api_x_ksc,,False,,False,Top Cited (5%),API,7,3,6
venue_year_topic,impact,top5,M3_api,company,-0.0125211510711826,0.0051838874290333,-0.0228654373798483,-0.0021768647625169,-2.4153979503983245,0.0184110955138929,29239,69,1b6b84deb2b845abca82df6d98abdae1d2e8d682005decb2759a2810247007cc,api,0.0165949050130588,0.1877006756785341,0.0001253213973732,0.0001553104355904,0.0001579063519985,api_x_ksc,,False,,False,Top Cited (5%),API,7,3,7
venue_year_topic,impact,top5,M3_api,prior_team_productivity_5y,0.0181967722076903,0.0067199855513152,0.0047872498203833,0.0316062945949972,2.707858829269197,0.008557646229251,29239,69,1b6b84deb2b845abca82df6d98abdae1d2e8d682005decb2759a2810247007cc,api,0.0165949050130588,0.1877006756785341,0.0001253213973732,0.0001553104355904,0.0001579063519985,api_x_ksc,,False,,False,Top Cited (5%),API,7,3,8
venue_year_topic,impact,top5,M3_api,api_x_ksc,-0.0127954707078973,0.0062735779492548,-0.0253142005945387,-0.0002767408212558,-2.0395810510997263,0.0452799709123151,29239,69,1b6b84deb2b845abca82df6d98abdae1d2e8d682005decb2759a2810247007cc,api,0.0165949050130588,0.1877006756785341,0.0001253213973732,0.0001553104355904,0.0001579063519985,api_x_ksc,0.1358399127369454,False,venue_year_topic:impact:api,True,Top Cited (5%),API,7,3,9
venue_year_topic,impact,top1,M3_quantity,quantity_centered,0.0044686966056519,0.0011982335567448,0.0020776587705708,0.0068597344407331,3.729403654652783,0.0003934251197165,29239,69,1b6b84deb2b845abca82df6d98abdae1d2e8d682005decb2759a2810247007cc,quantity,0.0077881018172243,0.0755512479532363,0.0001802951262232,0.0001980909450742,0.0001996059564538,quantity_x_ksc,,False,,False,Top Cited (1%),GPU Count,8,0,0
venue_year_topic,impact,top1,M3_quantity,performance_centered,0.0043417701382851,0.0029424493020904,-0.0015297960263437,0.010213336302914,1.4755632782527712,0.1446767716960314,29239,69,1b6b84deb2b845abca82df6d98abdae1d2e8d682005decb2759a2810247007cc,quantity,0.0077881018172243,0.0755512479532363,0.0001802951262232,0.0001980909450742,0.0001996059564538,quantity_x_ksc,,False,,False,Top Cited (1%),GPU Count,8,0,1
venue_year_topic,impact,top1,M3_quantity,memory_centered,0.003639423086702,0.001552373295428,0.000541710405694,0.00673713576771,2.3444252084345125,0.0219843961560928,29239,69,1b6b84deb2b845abca82df6d98abdae1d2e8d682005decb2759a2810247007cc,quantity,0.0077881018172243,0.0755512479532363,0.0001802951262232,0.0001980909450742,0.0001996059564538,quantity_x_ksc,,False,,False,Top Cited (1%),GPU Count,8,0,2
venue_year_topic,impact,top1,M3_quantity,api,0.0054077189180914,0.0028741339984873,-0.0003275261806562,0.0111429640168391,1.8815124559041316,0.0641833972693181,29239,69,1b6b84deb2b845abca82df6d98abdae1d2e8d682005decb2759a2810247007cc,quantity,0.0077881018172243,0.0755512479532363,0.0001802951262232,0.0001980909450742,0.0001996059564538,quantity_x_ksc,,False,,False,Top Cited (1%),GPU Count,8,0,3
venue_year_topic,impact,top1,M3_quantity,ksc_z,0.0082873020628287,0.0139701169854404,-0.019589632350058,0.0361642364757155,0.5932163682999704,0.5550043432895888,29239,69,1b6b84deb2b845abca82df6d98abdae1d2e8d682005decb2759a2810247007cc,quantity,0.0077881018172243,0.0755512479532363,0.0001802951262232,0.0001980909450742,0.0001996059564538,quantity_x_ksc,,False,,False,Top Cited (1%),GPU Count,8,0,4
venue_year_topic,impact,top1,M3_quantity,log_team,0.031919889331858,0.0068879408589034,0.0181752173463901,0.045664561317326,4.634170064134352,1.6729264455085006e-05,29239,69,1b6b84deb2b845abca82df6d98abdae1d2e8d682005decb2759a2810247007cc,quantity,0.0077881018172243,0.0755512479532363,0.0001802951262232,0.0001980909450742,0.0001996059564538,quantity_x_ksc,,False,,False,Top Cited (1%),GPU Count,8,0,5
venue_year_topic,impact,top1,M3_quantity,log_org,-0.0003170746653595,0.0044568883221493,-0.0092106568430611,0.008576507512342,-0.0711426094712286,0.943493079478088,29239,69,1b6b84deb2b845abca82df6d98abdae1d2e8d682005decb2759a2810247007cc,quantity,0.0077881018172243,0.0755512479532363,0.0001802951262232,0.0001980909450742,0.0001996059564538,quantity_x_ksc,,False,,False,Top Cited (1%),GPU Count,8,0,6
venue_year_topic,impact,top1,M3_quantity,company,-0.0017871418175294,0.0024035827398522,-0.0065834164990255,0.0030091328639667,-0.7435324725452553,0.4597207389671195,29239,69,1b6b84deb2b845abca82df6d98abdae1d2e8d682005decb2759a2810247007cc,quantity,0.0077881018172243,0.0755512479532363,0.0001802951262232,0.0001980909450742,0.0001996059564538,quantity_x_ksc,,False,,False,Top Cited (1%),GPU Count,8,0,7
venue_year_topic,impact,top1,M3_quantity,prior_team_productivity_5y,0.0096453478459809,0.0025306520475572,0.0045955103088212,0.0146951853831407,3.8114081528084354,0.0002999055019873,29239,69,1b6b84deb2b845abca82df6d98abdae1d2e8d682005decb2759a2810247007cc,quantity,0.0077881018172243,0.0755512479532363,0.0001802951262232,0.0001980909450742,0.0001996059564538,quantity_x_ksc,,False,,False,Top Cited (1%),GPU Count,8,0,8
venue_year_topic,impact,top1,M3_quantity,quantity_x_ksc,-0.0020023657653292,0.0010724335646858,-0.0041423736246824,0.000137642094024,-1.8671233643416127,0.0661954841597351,29239,69,1b6b84deb2b845abca82df6d98abdae1d2e8d682005decb2759a2810247007cc,quantity,0.0077881018172243,0.0755512479532363,0.0001802951262232,0.0001980909450742,0.0001996059564538,quantity_x_ksc,0.0661954841597351,False,venue_year_topic:impact:quantity,True,Top Cited (1%),GPU Count,8,0,9
venue_year_topic,impact,top1,M3_performance,quantity_centered,0.0045051566277791,0.0012339308913639,0.0020428858705308,0.0069674273850274,3.651060735499815,0.0005083297134181,29239,69,1b6b84deb2b845abca82df6d98abdae1d2e8d682005decb2759a2810247007cc,performance,0.0078516505630498,0.0756104566352527,0.0002381348681944,0.0002616396908996,0.000263640726883,performance_x_ksc,,False,,False,Top Cited (1%),Performance,8,1,0
venue_year_topic,impact,top1,M3_performance,performance_centered,0.0049725312836936,0.0029727655794505,-0.0009595300705238,0.0109045926379111,1.6726953911423992,0.0989824805737146,29239,69,1b6b84deb2b845abca82df6d98abdae1d2e8d682005decb2759a2810247007cc,performance,0.0078516505630498,0.0756104566352527,0.0002381348681944,0.0002616396908996,0.000263640726883,performance_x_ksc,,False,,False,Top Cited (1%),Performance,8,1,1
venue_year_topic,impact,top1,M3_performance,memory_centered,0.0035946009728393,0.001561997590454,0.00047768331012,0.0067115186355587,2.301284582516186,0.0244464292454771,29239,69,1b6b84deb2b845abca82df6d98abdae1d2e8d682005decb2759a2810247007cc,performance,0.0078516505630498,0.0756104566352527,0.0002381348681944,0.0002616396908996,0.000263640726883,performance_x_ksc,,False,,False,Top Cited (1%),Performance,8,1,2
venue_year_topic,impact,top1,M3_performance,api,0.005246714721586,0.0028875356741394,-0.0005152730045546,0.0110087024477267,1.817021610702544,0.0736203788886923,29239,69,1b6b84deb2b845abca82df6d98abdae1d2e8d682005decb2759a2810247007cc,performance,0.0078516505630498,0.0756104566352527,0.0002381348681944,0.0002616396908996,0.000263640726883,performance_x_ksc,,False,,False,Top Cited (1%),Performance,8,1,3
venue_year_topic,impact,top1,M3_performance,ksc_z,0.005555851174924,0.0138787496093366,-0.0221387624776013,0.0332504648274494,0.4003135247275032,0.6901804849317895,29239,69,1b6b84deb2b845abca82df6d98abdae1d2e8d682005decb2759a2810247007cc,performance,0.0078516505630498,0.0756104566352527,0.0002381348681944,0.0002616396908996,0.000263640726883,performance_x_ksc,,False,,False,Top Cited (1%),Performance,8,1,4
venue_year_topic,impact,top1,M3_performance,log_team,0.03188260991283,0.0069047539837297,0.0181043878591308,0.0456608319665292,4.617486732757975,1.7784594627836385e-05,29239,69,1b6b84deb2b845abca82df6d98abdae1d2e8d682005decb2759a2810247007cc,performance,0.0078516505630498,0.0756104566352527,0.0002381348681944,0.0002616396908996,0.000263640726883,performance_x_ksc,,False,,False,Top Cited (1%),Performance,8,1,5
venue_year_topic,impact,top1,M3_performance,log_org,-0.0002749977097924,0.0044546747570375,-0.0091641627870856,0.0086141673675008,-0.061732387837735,0.9509570367257196,29239,69,1b6b84deb2b845abca82df6d98abdae1d2e8d682005decb2759a2810247007cc,performance,0.0078516505630498,0.0756104566352527,0.0002381348681944,0.0002616396908996,0.000263640726883,performance_x_ksc,,False,,False,Top Cited (1%),Performance,8,1,6
venue_year_topic,impact,top1,M3_performance,company,-0.0017582592469093,0.0024102646567307,-0.0065678674859389,0.0030513489921202,-0.7294880427339621,0.4682085758845338,29239,69,1b6b84deb2b845abca82df6d98abdae1d2e8d682005decb2759a2810247007cc,performance,0.0078516505630498,0.0756104566352527,0.0002381348681944,0.0002616396908996,0.000263640726883,performance_x_ksc,,False,,False,Top Cited (1%),Performance,8,1,7
venue_year_topic,impact,top1,M3_performance,prior_team_productivity_5y,0.0097228397615172,0.0025278883896556,0.0046785170178371,0.0147671625051973,3.8462298419914154,0.0002669977644272,29239,69,1b6b84deb2b845abca82df6d98abdae1d2e8d682005decb2759a2810247007cc,performance,0.0078516505630498,0.0756104566352527,0.0002381348681944,0.0002616396908996,0.000263640726883,performance_x_ksc,,False,,False,Top Cited (1%),Performance,8,1,8
venue_year_topic,impact,top1,M3_performance,performance_x_ksc,-0.0039563511887199,0.0015856054890203,-0.0071203776795646,-0.0007923246978752,-2.495167439893528,0.0150226188199519,29239,69,1b6b84deb2b845abca82df6d98abdae1d2e8d682005decb2759a2810247007cc,performance,0.0078516505630498,0.0756104566352527,0.0002381348681944,0.0002616396908996,0.000263640726883,performance_x_ksc,0.0600904752798079,False,venue_year_topic:impact:performance,True,Top Cited (1%),Performance,8,1,9
venue_year_topic,impact,top1,M3_memory,quantity_centered,0.0045369634772657,0.0012324125625275,0.0020777224980381,0.0069962044564934,3.681367437508762,0.0004605239203716,29239,69,1b6b84deb2b845abca82df6d98abdae1d2e8d682005decb2759a2810247007cc,memory,0.0077758906453209,0.0755398707437432,0.0001691809645999,0.0001858797731707,0.0001873013927783,memory_x_ksc,,False,,False,Top Cited (1%),VRAM,8,2,0
venue_year_topic,impact,top1,M3_memory,performance_centered,0.0044726316361785,0.0029622291218284,-0.0014384045442068,0.0103836678165639,1.5098871330445056,0.135705188173641,29239,69,1b6b84deb2b845abca82df6d98abdae1d2e8d682005decb2759a2810247007cc,memory,0.0077758906453209,0.0755398707437432,0.0001691809645999,0.0001858797731707,0.0001873013927783,memory_x_ksc,,False,,False,Top Cited (1%),VRAM,8,2,1
venue_year_topic,impact,top1,M3_memory,memory_centered,0.0037752330640111,0.0015598475221943,0.0006626057957044,0.0068878603323178,2.4202577561556504,0.0181865713792614,29239,69,1b6b84deb2b845abca82df6d98abdae1d2e8d682005decb2759a2810247007cc,memory,0.0077758906453209,0.0755398707437432,0.0001691809645999,0.0001858797731707,0.0001873013927783,memory_x_ksc,,False,,False,Top Cited (1%),VRAM,8,2,2
venue_year_topic,impact,top1,M3_memory,api,0.005361573305838,0.0028681090466166,-0.0003616491886384,0.0110847958003144,1.8693756822679843,0.0658770692253156,29239,69,1b6b84deb2b845abca82df6d98abdae1d2e8d682005decb2759a2810247007cc,memory,0.0077758906453209,0.0755398707437432,0.0001691809645999,0.0001858797731707,0.0001873013927783,memory_x_ksc,,False,,False,Top Cited (1%),VRAM,8,2,3
venue_year_topic,impact,top1,M3_memory,ksc_z,0.004725945638713,0.0140756248224935,-0.0233615263850356,0.0328134176624616,0.3357538793702945,0.7380902240048561,29239,69,1b6b84deb2b845abca82df6d98abdae1d2e8d682005decb2759a2810247007cc,memory,0.0077758906453209,0.0755398707437432,0.0001691809645999,0.0001858797731707,0.0001873013927783,memory_x_ksc,,False,,False,Top Cited (1%),VRAM,8,2,4
venue_year_topic,impact,top1,M3_memory,log_team,0.0318937527024467,0.0069001211037288,0.0181247754168524,0.0456627299880409,4.622201874864384,1.74799322508323e-05,29239,69,1b6b84deb2b845abca82df6d98abdae1d2e8d682005decb2759a2810247007cc,memory,0.0077758906453209,0.0755398707437432,0.0001691809645999,0.0001858797731707,0.0001873013927783,memory_x_ksc,,False,,False,Top Cited (1%),VRAM,8,2,5
venue_year_topic,impact,top1,M3_memory,log_org,-0.00026034710504,0.0044547313489237,-0.0091496251096838,0.0086289308996038,-0.0584428295778006,0.9535673059891274,29239,69,1b6b84deb2b845abca82df6d98abdae1d2e8d682005decb2759a2810247007cc,memory,0.0077758906453209,0.0755398707437432,0.0001691809645999,0.0001858797731707,0.0001873013927783,memory_x_ksc,,False,,False,Top Cited (1%),VRAM,8,2,6
venue_year_topic,impact,top1,M3_memory,company,-0.0017639077748328,0.002405168611314,-0.0065633470135603,0.0030355314638946,-0.7333821697719144,0.4658462863525922,29239,69,1b6b84deb2b845abca82df6d98abdae1d2e8d682005decb2759a2810247007cc,memory,0.0077758906453209,0.0755398707437432,0.0001691809645999,0.0001858797731707,0.0001873013927783,memory_x_ksc,,False,,False,Top Cited (1%),VRAM,8,2,7
venue_year_topic,impact,top1,M3_memory,prior_team_productivity_5y,0.0096799315097724,0.0025208353063948,0.0046496829746101,0.0147101800449347,3.83996982477058,0.0002726467708146,29239,69,1b6b84deb2b845abca82df6d98abdae1d2e8d682005decb2759a2810247007cc,memory,0.0077758906453209,0.0755398707437432,0.0001691809645999,0.0001858797731707,0.0001873013927783,memory_x_ksc,,False,,False,Top Cited (1%),VRAM,8,2,8
venue_year_topic,impact,top1,M3_memory,memory_x_ksc,-0.0035127417476334,0.0014333109659756,-0.0063728692493155,-0.0006526142459514,-2.450788301366557,0.0168312700858748,29239,69,1b6b84deb2b845abca82df6d98abdae1d2e8d682005decb2759a2810247007cc,memory,0.0077758906453209,0.0755398707437432,0.0001691809645999,0.0001858797731707,0.0001873013927783,memory_x_ksc,0.0673250803434994,False,venue_year_topic:impact:memory,True,Top Cited (1%),VRAM,8,2,9
venue_year_topic,impact,top1,M3_api,quantity_centered,0.0045739607480504,0.0012408598691743,0.0020978634308548,0.0070500580652459,3.686121907620262,0.0004534247029689,29239,69,1b6b84deb2b845abca82df6d98abdae1d2e8d682005decb2759a2810247007cc,api,0.0078695174089867,0.0756271032643243,0.0002543966172724,0.0002795065368366,0.0002816442195249,api_x_ksc,,False,,False,Top Cited (1%),API,8,3,0
venue_year_topic,impact,top1,M3_api,performance_centered,0.0042903966336586,0.0029424405575004,-0.0015811520814125,0.0101619453487299,1.4581081757870056,0.14941408036701,29239,69,1b6b84deb2b845abca82df6d98abdae1d2e8d682005decb2759a2810247007cc,api,0.0078695174089867,0.0756271032643243,0.0002543966172724,0.0002795065368366,0.0002816442195249,api_x_ksc,,False,,False,Top Cited (1%),API,8,3,1
venue_year_topic,impact,top1,M3_api,memory_centered,0.0036849400879611,0.001562719386326,0.0005665821040044,0.0068032980719178,2.3580305717102927,0.021255023989977,29239,69,1b6b84deb2b845abca82df6d98abdae1d2e8d682005decb2759a2810247007cc,api,0.0078695174089867,0.0756271032643243,0.0002543966172724,0.0002795065368366,0.0002816442195249,api_x_ksc,,False,,False,Top Cited (1%),API,8,3,2
venue_year_topic,impact,top1,M3_api,api,0.0070053291443751,0.0026742357173397,0.0016689748551037,0.0123416834336466,2.619563077013987,0.0108481389223438,29239,69,1b6b84deb2b845abca82df6d98abdae1d2e8d682005decb2759a2810247007cc,api,0.0078695174089867,0.0756271032643243,0.0002543966172724,0.0002795065368366,0.0002816442195249,api_x_ksc,,False,,False,Top Cited (1%),API,8,3,3
venue_year_topic,impact,top1,M3_api,ksc_z,0.0069222461138567,0.0139785005545961,-0.0209714174508148,0.0348159096785282,0.4952066272645142,0.6220507380885416,29239,69,1b6b84deb2b845abca82df6d98abdae1d2e8d682005decb2759a2810247007cc,api,0.0078695174089867,0.0756271032643243,0.0002543966172724,0.0002795065368366,0.0002816442195249,api_x_ksc,,False,,False,Top Cited (1%),API,8,3,4
venue_year_topic,impact,top1,M3_api,log_team,0.0319573318633971,0.0069020412339895,0.0181845230175234,0.0457301407092709,4.63012763615805,1.6979233084247315e-05,29239,69,1b6b84deb2b845abca82df6d98abdae1d2e8d682005decb2759a2810247007cc,api,0.0078695174089867,0.0756271032643243,0.0002543966172724,0.0002795065368366,0.0002816442195249,api_x_ksc,,False,,False,Top Cited (1%),API,8,3,5
venue_year_topic,impact,top1,M3_api,log_org,-0.0002425235714849,0.0044509628592634,-0.0091242816720933,0.0086392345291233,-0.0544878892845028,0.9567062284654448,29239,69,1b6b84deb2b845abca82df6d98abdae1d2e8d682005decb2759a2810247007cc,api,0.0078695174089867,0.0756271032643243,0.0002543966172724,0.0002795065368366,0.0002816442195249,api_x_ksc,,False,,False,Top Cited (1%),API,8,3,6
venue_year_topic,impact,top1,M3_api,company,-0.0017526388501113,0.0024037120425324,-0.0065491715510887,0.0030438938508659,-0.7291384405034026,0.4684209858846196,29239,69,1b6b84deb2b845abca82df6d98abdae1d2e8d682005decb2759a2810247007cc,api,0.0078695174089867,0.0756271032643243,0.0002543966172724,0.0002795065368366,0.0002816442195249,api_x_ksc,,False,,False,Top Cited (1%),API,8,3,7
venue_year_topic,impact,top1,M3_api,prior_team_productivity_5y,0.0097199356408999,0.0025204816255154,0.0046903928649441,0.0147494784168557,3.856380281650442,0.0002580756399311,29239,69,1b6b84deb2b845abca82df6d98abdae1d2e8d682005decb2759a2810247007cc,api,0.0078695174089867,0.0756271032643243,0.0002543966172724,0.0002795065368366,0.0002816442195249,api_x_ksc,,False,,False,Top Cited (1%),API,8,3,8
venue_year_topic,impact,top1,M3_api,api_x_ksc,-0.0101716542910088,0.0034205872066108,-0.0169973297890472,-0.0033459787929705,-2.973657350805301,0.0040687924756091,29239,69,1b6b84deb2b845abca82df6d98abdae1d2e8d682005decb2759a2810247007cc,api,0.0078695174089867,0.0756271032643243,0.0002543966172724,0.0002795065368366,0.0002816442195249,api_x_ksc,0.0162751699024366,True,venue_year_topic:impact:api,True,Top Cited (1%),API,8,3,9
