family,outcome,outcome_order,column_number,outcome_label,model,estimator,term,term_order,term_label,term_group,coefficient_scale,coefficient,standard_error,ci_low,ci_high,statistic,p_value,stars,coefficient_display,standard_error_display,holm_applicable,p_value_holm,reject_holm_05,venue_year_fixed_effects,primary_topic_fixed_effects,n,clusters,r2,design_rank,adjusted_r2,adjusted_r2_display,sample_sha256
impact,cumulative_citations,1,1,Cumulative Citations,M2,OLS,quantity_centered,1,GPU Quantity,focal,raw_model,0.0368144112713719,0.0056635391817088,0.0255129947923362,0.0481158277504075,6.500248358882868,1.1139645880161624e-08,***,0.037***,(0.006),True,4.4558583520646494e-08,True,True,True,29487,69,0.5771756220775892,747,0.5662004311962351,0.566,d6807e4979873472ffa7565585fbeba4d5951f0ac229c12a9e95f5a10513ffb7
impact,cumulative_citations,1,1,Cumulative Citations,M2,OLS,performance_centered,2,Per-GPU Performance,focal,raw_model,0.0156246992440908,0.0105105423579663,-0.0053487614837082,0.03659815997189,1.486574023675227,0.1417494963432636,,0.016,(0.011),True,0.3825530166950192,False,True,True,29487,69,0.5771756220775892,747,0.5662004311962351,0.566,d6807e4979873472ffa7565585fbeba4d5951f0ac229c12a9e95f5a10513ffb7
impact,cumulative_citations,1,1,Cumulative Citations,M2,OLS,memory_centered,3,Per-GPU VRAM,focal,raw_model,0.0671221651482028,0.0114329942982692,0.044307980232792,0.0899363500636136,5.870917398984808,1.427338983627442e-07,***,0.067***,(0.011),True,5.709355934509767e-07,True,True,True,29487,69,0.5771756220775892,747,0.5662004311962351,0.566,d6807e4979873472ffa7565585fbeba4d5951f0ac229c12a9e95f5a10513ffb7
impact,cumulative_citations,1,1,Cumulative Citations,M2,OLS,api,4,API Access,focal,raw_model,0.1395845670833754,0.0337908165187233,0.0721560425526167,0.2070130916141342,4.130843272343903,0.0001011354458725,***,0.140***,(0.034),True,0.0004045417834902,True,True,True,29487,69,0.5771756220775892,747,0.5662004311962351,0.566,d6807e4979873472ffa7565585fbeba4d5951f0ac229c12a9e95f5a10513ffb7
impact,cumulative_citations,1,1,Cumulative Citations,M2,OLS,log_team,5,Team Size,control,raw_model,0.3918942723780156,0.0395790298905187,0.3129155478953524,0.4708729968606789,9.901563364793212,8.170968604807246e-15,***,0.392***,(0.040),False,,False,True,True,29487,69,0.5771756220775892,747,0.5662004311962351,0.566,d6807e4979873472ffa7565585fbeba4d5951f0ac229c12a9e95f5a10513ffb7
impact,cumulative_citations,1,1,Cumulative Citations,M2,OLS,log_org,6,Organization Count,control,raw_model,0.0342853494875012,0.0258110314507261,-0.0172197618605813,0.0857904608355838,1.3283215571199751,0.1885129009772953,,0.034,(0.026),False,,False,True,True,29487,69,0.5771756220775892,747,0.5662004311962351,0.566,d6807e4979873472ffa7565585fbeba4d5951f0ac229c12a9e95f5a10513ffb7
impact,cumulative_citations,1,1,Cumulative Citations,M2,OLS,company,7,Company Participation,control,raw_model,-0.031061898379376,0.0146149049794101,-0.0602254872015883,-0.0018983095571637,-2.1253575321315346,0.0371925117782592,**,-0.031**,(0.015),False,,False,True,True,29487,69,0.5771756220775892,747,0.5662004311962351,0.566,d6807e4979873472ffa7565585fbeba4d5951f0ac229c12a9e95f5a10513ffb7
impact,cumulative_citations,1,1,Cumulative Citations,M2,OLS,prior_team_productivity_5y,8,Prior Team Productivity,control,raw_model,0.0949641382620803,0.0238806083143797,0.0473111263070904,0.1426171502170702,3.976621408127938,0.0001719164267589,***,0.095***,(0.024),False,,False,True,True,29487,69,0.5771756220775892,747,0.5662004311962351,0.566,d6807e4979873472ffa7565585fbeba4d5951f0ac229c12a9e95f5a10513ffb7
impact,top10,2,2,Top-Cited 10%,M2,LPM,quantity_centered,1,GPU Quantity,focal,raw_model,0.0087907080533913,0.001840984722466,0.0051170802364732,0.0124643358703093,4.7750032610894575,9.943548870339374e-06,***,0.009***,(0.002),True,2.9830646611018124e-05,True,True,True,29487,69,0.2712840402222756,747,0.2523688660401537,0.252,d6807e4979873472ffa7565585fbeba4d5951f0ac229c12a9e95f5a10513ffb7
impact,top10,2,2,Top-Cited 10%,M2,LPM,performance_centered,2,Per-GPU Performance,focal,raw_model,0.006890762130754,0.0044663659086304,-0.0020217322763154,0.0158032565378235,1.5428118232406542,0.127517672231673,,0.007,(0.004),True,0.3825530166950192,False,True,True,29487,69,0.2712840402222756,747,0.2523688660401537,0.252,d6807e4979873472ffa7565585fbeba4d5951f0ac229c12a9e95f5a10513ffb7
impact,top10,2,2,Top-Cited 10%,M2,LPM,memory_centered,3,Per-GPU VRAM,focal,raw_model,0.0211891547109468,0.0040360350810498,0.0131353721005508,0.0292429373213428,5.249992699626107,1.6422382373065751e-06,***,0.021***,(0.004),True,4.926714711919727e-06,True,True,True,29487,69,0.2712840402222756,747,0.2523688660401537,0.252,d6807e4979873472ffa7565585fbeba4d5951f0ac229c12a9e95f5a10513ffb7
impact,top10,2,2,Top-Cited 10%,M2,LPM,api,4,API Access,focal,raw_model,0.0419142011125457,0.0121650237181213,0.0176392742329275,0.0661891279921639,3.44546809638434,0.0009812138175761,***,0.042***,(0.012),True,0.0029436414527283,True,True,True,29487,69,0.2712840402222756,747,0.2523688660401537,0.252,d6807e4979873472ffa7565585fbeba4d5951f0ac229c12a9e95f5a10513ffb7
impact,top10,2,2,Top-Cited 10%,M2,LPM,log_team,5,Team Size,control,raw_model,0.1111597866269659,0.0144242531494065,0.082376637608246,0.1399429356456858,7.7064500654260195,7.477101625691759e-11,***,0.111***,(0.014),False,,False,True,True,29487,69,0.2712840402222756,747,0.2523688660401537,0.252,d6807e4979873472ffa7565585fbeba4d5951f0ac229c12a9e95f5a10513ffb7
impact,top10,2,2,Top-Cited 10%,M2,LPM,log_org,6,Organization Count,control,raw_model,0.0199807781143725,0.0078597984880649,0.0042967944241398,0.0356647618046053,2.5421489042897685,0.0133003404709774,**,0.020**,(0.008),False,,False,True,True,29487,69,0.2712840402222756,747,0.2523688660401537,0.252,d6807e4979873472ffa7565585fbeba4d5951f0ac229c12a9e95f5a10513ffb7
impact,top10,2,2,Top-Cited 10%,M2,LPM,company,7,Company Participation,control,raw_model,-0.0090853653113191,0.0062283428788638,-0.0215138300203842,0.0033430993977459,-1.4587130939998083,0.1492479058864435,,-0.009,(0.006),False,,False,True,True,29487,69,0.2712840402222756,747,0.2523688660401537,0.252,d6807e4979873472ffa7565585fbeba4d5951f0ac229c12a9e95f5a10513ffb7
impact,top10,2,2,Top-Cited 10%,M2,LPM,prior_team_productivity_5y,8,Prior Team Productivity,control,raw_model,0.0201058247710162,0.0094813396787196,0.0011861060137981,0.0390255435282343,2.120567921023085,0.0376085189112621,**,0.020**,(0.009),False,,False,True,True,29487,69,0.2712840402222756,747,0.2523688660401537,0.252,d6807e4979873472ffa7565585fbeba4d5951f0ac229c12a9e95f5a10513ffb7
impact,top5,3,3,Top-Cited 5%,M2,LPM,quantity_centered,1,GPU Quantity,focal,raw_model,0.0077708041755261,0.0016887899634203,0.0044008762718103,0.0111407320792419,4.601403575248505,1.88631743970838e-05,***,0.008***,(0.002),True,3.772634879416759e-05,True,True,True,29487,69,0.2119208825799325,747,0.1914648275487784,0.191,d6807e4979873472ffa7565585fbeba4d5951f0ac229c12a9e95f5a10513ffb7
impact,top5,3,3,Top-Cited 5%,M2,LPM,performance_centered,2,Per-GPU Performance,focal,raw_model,0.0070251387690315,0.0033946631724598,0.0002511938757188,0.0137990836623441,2.0694656324152936,0.0423049340621015,**,0.007**,(0.003),True,0.1692197362484062,False,True,True,29487,69,0.2119208825799325,747,0.1914648275487784,0.191,d6807e4979873472ffa7565585fbeba4d5951f0ac229c12a9e95f5a10513ffb7
impact,top5,3,3,Top-Cited 5%,M2,LPM,memory_centered,3,Per-GPU VRAM,focal,raw_model,0.0146010865240483,0.0037159493583481,0.0071860250286979,0.0220161480193986,3.929301805807994,0.0002018799774022,***,0.015***,(0.004),True,0.0004037599548045,True,True,True,29487,69,0.2119208825799325,747,0.1914648275487784,0.191,d6807e4979873472ffa7565585fbeba4d5951f0ac229c12a9e95f5a10513ffb7
impact,top5,3,3,Top-Cited 5%,M2,LPM,api,4,API Access,focal,raw_model,0.0290699672585304,0.0085621325850176,0.0119844976983445,0.0461554368187162,3.395178358882007,0.0011485934286448,***,0.029***,(0.009),True,0.0029436414527283,True,True,True,29487,69,0.2119208825799325,747,0.1914648275487784,0.191,d6807e4979873472ffa7565585fbeba4d5951f0ac229c12a9e95f5a10513ffb7
impact,top5,3,3,Top-Cited 5%,M2,LPM,log_team,5,Team Size,control,raw_model,0.0865675628802383,0.0116090606234263,0.0634020430831054,0.1097330826773711,7.456896443933666,2.119827746469717e-10,***,0.087***,(0.012),False,,False,True,True,29487,69,0.2119208825799325,747,0.1914648275487784,0.191,d6807e4979873472ffa7565585fbeba4d5951f0ac229c12a9e95f5a10513ffb7
impact,top5,3,3,Top-Cited 5%,M2,LPM,log_org,6,Organization Count,control,raw_model,0.0087876191744583,0.006701974077279,-0.0045859618760002,0.0221612002249169,1.3111986219478244,0.194201123993175,,0.009,(0.007),False,,False,True,True,29487,69,0.2119208825799325,747,0.1914648275487784,0.191,d6807e4979873472ffa7565585fbeba4d5951f0ac229c12a9e95f5a10513ffb7
impact,top5,3,3,Top-Cited 5%,M2,LPM,company,7,Company Participation,control,raw_model,-0.0125572579437719,0.0050837968163376,-0.0227018165444755,-0.0024126993430682,-2.470055039063941,0.0160233265965256,**,-0.013**,(0.005),False,,False,True,True,29487,69,0.2119208825799325,747,0.1914648275487784,0.191,d6807e4979873472ffa7565585fbeba4d5951f0ac229c12a9e95f5a10513ffb7
impact,top5,3,3,Top-Cited 5%,M2,LPM,prior_team_productivity_5y,8,Prior Team Productivity,control,raw_model,0.0175339702639319,0.0066551446496107,0.0042538358814621,0.0308141046464017,2.634649010214608,0.0104210344377757,**,0.018**,(0.007),False,,False,True,True,29487,69,0.2119208825799325,747,0.1914648275487784,0.191,d6807e4979873472ffa7565585fbeba4d5951f0ac229c12a9e95f5a10513ffb7
impact,top1,4,4,Top-Cited 1%,M2,LPM,quantity_centered,1,GPU Quantity,focal,raw_model,0.0047380643070954,0.0012249221681212,0.0022937701771898,0.007182358437001,3.86805335914744,0.0002481682843673,***,0.005***,(0.001),True,0.0002481682843673,True,True,True,29487,69,0.0997622208943189,747,0.0763948797943594,0.076,d6807e4979873472ffa7565585fbeba4d5951f0ac229c12a9e95f5a10513ffb7
impact,top1,4,4,Top-Cited 1%,M2,LPM,performance_centered,2,Per-GPU Performance,focal,raw_model,0.0040553698385683,0.0029255636364576,-0.0017825015049037,0.0098932411820405,1.3861841144152098,0.1702194037962445,,0.004,(0.003),True,0.3825530166950192,False,True,True,29487,69,0.0997622208943189,747,0.0763948797943594,0.076,d6807e4979873472ffa7565585fbeba4d5951f0ac229c12a9e95f5a10513ffb7
impact,top1,4,4,Top-Cited 1%,M2,LPM,memory_centered,3,Per-GPU VRAM,focal,raw_model,0.0036318193729951,0.0015652401864193,0.0005084312107699,0.0067552075352204,2.3202952521321105,0.0233328687242382,**,0.004**,(0.002),True,0.0233328687242382,True,True,True,29487,69,0.0997622208943189,747,0.0763948797943594,0.076,d6807e4979873472ffa7565585fbeba4d5951f0ac229c12a9e95f5a10513ffb7
impact,top1,4,4,Top-Cited 1%,M2,LPM,api,4,API Access,focal,raw_model,0.0050098040014123,0.002985528747137,-0.0009477258573902,0.0109673338602149,1.6780290614238638,0.0979321319659635,*,0.005*,(0.003),True,0.0979321319659635,False,True,True,29487,69,0.0997622208943189,747,0.0763948797943594,0.076,d6807e4979873472ffa7565585fbeba4d5951f0ac229c12a9e95f5a10513ffb7
impact,top1,4,4,Top-Cited 1%,M2,LPM,log_team,5,Team Size,control,raw_model,0.0318789440484836,0.0071453533716491,0.0176206133912702,0.046137274705697,4.461492999768316,3.1357395077508934e-05,***,0.032***,(0.007),False,,False,True,True,29487,69,0.0997622208943189,747,0.0763948797943594,0.076,d6807e4979873472ffa7565585fbeba4d5951f0ac229c12a9e95f5a10513ffb7
impact,top1,4,4,Top-Cited 1%,M2,LPM,log_org,6,Organization Count,control,raw_model,-0.0001152762661249,0.0044692527935844,-0.0090335313624287,0.0088029788301787,-0.0257931854493586,0.9794978423915598,,0.000,(0.004),False,,False,True,True,29487,69,0.0997622208943189,747,0.0763948797943594,0.076,d6807e4979873472ffa7565585fbeba4d5951f0ac229c12a9e95f5a10513ffb7
impact,top1,4,4,Top-Cited 1%,M2,LPM,company,7,Company Participation,control,raw_model,-0.0017315836210706,0.0024491861012391,-0.0066188583933832,0.0031556911512418,-0.7070036940821239,0.4819800301977161,,-0.002,(0.002),False,,False,True,True,29487,69,0.0997622208943189,747,0.0763948797943594,0.076,d6807e4979873472ffa7565585fbeba4d5951f0ac229c12a9e95f5a10513ffb7
impact,top1,4,4,Top-Cited 1%,M2,LPM,prior_team_productivity_5y,8,Prior Team Productivity,control,raw_model,0.0093623698780561,0.0024929295195087,0.004387806473632,0.0143369332824802,3.7555694233589874,0.0003609134953646,***,0.009***,(0.002),False,,False,True,True,29487,69,0.0997622208943189,747,0.0763948797943594,0.076,d6807e4979873472ffa7565585fbeba4d5951f0ac229c12a9e95f5a10513ffb7
