family,outcome,model,term,coefficient,standard_error,ci_low,ci_high,statistic,p_value,outcome_sd,coefficient_outcome_sd,standard_error_outcome_sd,ci_low_outcome_sd,ci_high_outcome_sd,n,clusters,sample_sha256
impact,cumulative_citations,M0,log_team,0.4507778587960965,0.0415304333699889,0.3679051692974664,0.5336505482947267,10.854157354443627,1.722881837739574e-16,1.5527016896753016,0.2903183926400972,0.0267472069143389,0.2369451722400084,0.343691613040186,29487,69,d6807e4979873472ffa7565585fbeba4d5951f0ac229c12a9e95f5a10513ffb7
impact,cumulative_citations,M0,log_org,0.0197161430421445,0.0258996417414552,-0.0319657873880929,0.071398073472382,0.7612515740164333,0.4491387895138934,1.5527016896753016,0.0126979594169615,0.0166803719695,-0.020587204612869,0.045983123446792,29487,69,d6807e4979873472ffa7565585fbeba4d5951f0ac229c12a9e95f5a10513ffb7
impact,cumulative_citations,M0,company,-0.0020954326512626,0.0148935520380932,-0.0318150530219113,0.0276241877193859,-0.1406939490259412,0.888527671032129,1.5527016896753016,-0.001349539750743,0.0095920241068377,-0.0204901258454639,0.0177910463439778,29487,69,d6807e4979873472ffa7565585fbeba4d5951f0ac229c12a9e95f5a10513ffb7
impact,cumulative_citations,M0,prior_team_productivity_5y,0.097283465728071,0.0243844799620168,0.0486249935547928,0.1459419379013491,3.9895649150446224,0.0001644957686897,1.5527016896753016,0.0626543181957989,0.0157045491250261,0.0313163783346955,0.0939922580569023,29487,69,d6807e4979873472ffa7565585fbeba4d5951f0ac229c12a9e95f5a10513ffb7
impact,cumulative_citations,M1,quantity_centered,0.0386243179006551,0.0057385373659201,0.0271732448751121,0.0500753909261981,6.730690320156473,4.3199286895460215e-09,1.5527016896753016,0.0248755560436932,0.0036958402274426,0.0175006216943027,0.0322504903930836,29487,69,d6807e4979873472ffa7565585fbeba4d5951f0ac229c12a9e95f5a10513ffb7
impact,cumulative_citations,M1,performance_centered,0.0167418182733115,0.0106254632525696,-0.0044609635292407,0.0379446000758639,1.5756318454409686,0.1197520228729648,1.5527016896753016,0.0107823791167591,0.0068432096926433,-0.0028730332161701,0.0244377914496884,29487,69,d6807e4979873472ffa7565585fbeba4d5951f0ac229c12a9e95f5a10513ffb7
impact,cumulative_citations,M1,memory_centered,0.0731491715144604,0.0119418368147145,0.0493196071664924,0.0969787358624284,6.125453952303816,5.1258033969985e-08,1.5527016896753016,0.0471108983785271,0.0076910052292219,0.0317637363921501,0.062458060364904,29487,69,d6807e4979873472ffa7565585fbeba4d5951f0ac229c12a9e95f5a10513ffb7
impact,cumulative_citations,M1,log_team,0.4027720191744238,0.0401931186691341,0.3225678996128938,0.4829761387359538,10.020919811921136,5.0152232046017535e-15,1.5527016896753016,0.2594007734084779,0.0258859244737083,0.2077462153598536,0.3110553314571023,29487,69,d6807e4979873472ffa7565585fbeba4d5951f0ac229c12a9e95f5a10513ffb7
impact,cumulative_citations,M1,log_org,0.0328837467454005,0.0257124059090538,-0.0184245603984295,0.0841920538892306,1.2789058659742736,0.2052775339370156,1.5527016896753016,0.0211784059771823,0.0165597848447185,-0.0118661301916161,0.0542229421459809,29487,69,d6807e4979873472ffa7565585fbeba4d5951f0ac229c12a9e95f5a10513ffb7
impact,cumulative_citations,M1,company,-0.0320793473781184,0.0147975770587198,-0.0616074526592328,-0.002551242097004,-2.1678783797388603,0.0336716096914155,1.5527016896753016,-0.0206603416428475,0.0095302125045115,-0.0396775846055246,-0.0016430986801705,29487,69,d6807e4979873472ffa7565585fbeba4d5951f0ac229c12a9e95f5a10513ffb7
impact,cumulative_citations,M1,prior_team_productivity_5y,0.0953405686107103,0.0238636716579697,0.0477213532273887,0.1429597839940319,3.995217918566581,0.000161352354853,1.5527016896753016,0.061403017234204,0.0153691284144606,0.0307343989799921,0.0920716354884159,29487,69,d6807e4979873472ffa7565585fbeba4d5951f0ac229c12a9e95f5a10513ffb7
impact,cumulative_citations,M2,quantity_centered,0.0368144112713719,0.0056635391817088,0.0255129947923362,0.0481158277504075,6.500248358882868,1.1139645880161624e-08,1.5527016896753016,0.0237099061050616,0.003647538493304,0.0164313563654789,0.0309884558446442,29487,69,d6807e4979873472ffa7565585fbeba4d5951f0ac229c12a9e95f5a10513ffb7
impact,cumulative_citations,M2,performance_centered,0.0156246992440908,0.0105105423579663,-0.0053487614837082,0.03659815997189,1.486574023675227,0.1417494963432636,1.5527016896753016,0.0100629112133949,0.00676919618743,-0.0034448094693751,0.023570631896165,29487,69,d6807e4979873472ffa7565585fbeba4d5951f0ac229c12a9e95f5a10513ffb7
impact,cumulative_citations,M2,memory_centered,0.0671221651482028,0.0114329942982692,0.044307980232792,0.0899363500636136,5.870917398984808,1.427338983627442e-07,1.5527016896753016,0.0432292729469749,0.0073632909491198,0.0285360546249277,0.0579224912690221,29487,69,d6807e4979873472ffa7565585fbeba4d5951f0ac229c12a9e95f5a10513ffb7
impact,cumulative_citations,M2,api,0.1395845670833754,0.0337908165187233,0.0721560425526167,0.2070130916141342,4.130843272343903,0.0001011354458725,1.5527016896753016,0.0898978651285973,0.0217625940278261,0.0464712848787495,0.1333244453784451,29487,69,d6807e4979873472ffa7565585fbeba4d5951f0ac229c12a9e95f5a10513ffb7
impact,cumulative_citations,M2,log_team,0.3918942723780156,0.0395790298905187,0.3129155478953524,0.4708729968606789,9.901563364793212,8.170968604807246e-15,1.5527016896753016,0.2523950833466072,0.0254904275262271,0.2015297271691568,0.3032604395240576,29487,69,d6807e4979873472ffa7565585fbeba4d5951f0ac229c12a9e95f5a10513ffb7
impact,cumulative_citations,M2,log_org,0.0342853494875012,0.0258110314507261,-0.0172197618605813,0.0857904608355838,1.3283215571199751,0.1885129009772953,1.5527016896753016,0.0220810924052455,0.0166233035117799,-0.01109019329024,0.0552523781007311,29487,69,d6807e4979873472ffa7565585fbeba4d5951f0ac229c12a9e95f5a10513ffb7
impact,cumulative_citations,M2,company,-0.031061898379376,0.0146149049794101,-0.0602254872015883,-0.0018983095571637,-2.1253575321315346,0.0371925117782592,1.5527016896753016,-0.0200050650977726,0.0094125646134038,-0.0387875453488961,-0.0012225848466492,29487,69,d6807e4979873472ffa7565585fbeba4d5951f0ac229c12a9e95f5a10513ffb7
impact,cumulative_citations,M2,prior_team_productivity_5y,0.0949641382620803,0.0238806083143797,0.0473111263070904,0.1426171502170702,3.976621408127938,0.0001719164267589,1.5527016896753016,0.061160581516427,0.0153800362768804,0.0304701969616482,0.0918509660712059,29487,69,d6807e4979873472ffa7565585fbeba4d5951f0ac229c12a9e95f5a10513ffb7
impact,top10,M0,log_team,0.1277546327316959,0.015099302619672,0.0976244434678831,0.1578848219955087,8.460962466256648,3.190524775571427e-12,0.4590070740799628,0.2783282436066334,0.0328955771540933,0.2126861414141868,0.34397034579908,29487,69,d6807e4979873472ffa7565585fbeba4d5951f0ac229c12a9e95f5a10513ffb7
impact,top10,M0,log_org,0.0161298257928992,0.0078597314957488,0.0004459757837518,0.0318136758020466,2.05221079137672,0.0440013536515476,0.4590070740799628,0.035140691078084,0.0171233341261742,0.0009716098268109,0.0693097723293572,29487,69,d6807e4979873472ffa7565585fbeba4d5951f0ac229c12a9e95f5a10513ffb7
impact,top10,M0,company,-0.0012532642647841,0.0062206347286518,-0.0136663475995823,0.0111598190700141,-0.2014688724627523,0.840933427954779,0.4590070740799628,-0.0027303811543562,0.0135523722398408,-0.0297737189061308,0.0243129565974183,29487,69,d6807e4979873472ffa7565585fbeba4d5951f0ac229c12a9e95f5a10513ffb7
impact,top10,M0,prior_team_productivity_5y,0.0206481626909815,0.0096157195731009,0.0014602930295167,0.0398360323524463,2.1473341161843797,0.035334649595478,0.4590070740799628,0.0449844106049321,0.0209489572516388,0.0031814172634349,0.0867874039464293,29487,69,d6807e4979873472ffa7565585fbeba4d5951f0ac229c12a9e95f5a10513ffb7
impact,top10,M1,quantity_centered,0.0093341835395415,0.0018368510843148,0.0056688042691281,0.0129995628099549,5.081622358637435,3.1331628146870067e-06,0.4590070740799628,0.020335598439852,0.0040017925388113,0.0123501457586263,0.0283210511210778,29487,69,d6807e4979873472ffa7565585fbeba4d5951f0ac229c12a9e95f5a10513ffb7
impact,top10,M1,performance_centered,0.0072262086105173,0.0044972401942871,-0.00174789447436,0.0162003116953948,1.6068095761700518,0.1127301693721857,0.4590070740799628,0.0157431312469457,0.0097977579175689,-0.0038079902752338,0.0352942527691253,29487,69,d6807e4979873472ffa7565585fbeba4d5951f0ac229c12a9e95f5a10513ffb7
impact,top10,M1,memory_centered,0.0229989332718605,0.0042370985871215,0.0145439346818542,0.0314539318618668,5.427991064867986,8.227817257168384e-07,0.4590070740799628,0.050105836207339,0.0092310093381772,0.0316856438672675,0.0685260285474104,29487,69,d6807e4979873472ffa7565585fbeba4d5951f0ac229c12a9e95f5a10513ffb7
impact,top10,M1,log_team,0.1144261367429044,0.0148180627700762,0.08485715286124,0.1439951206245688,7.722071266561085,7.004563232947106e-11,0.4590070740799628,0.2492905735107918,0.0322828636133281,0.1848711221528084,0.3137100248687752,29487,69,d6807e4979873472ffa7565585fbeba4d5951f0ac229c12a9e95f5a10513ffb7
impact,top10,M1,log_org,0.0195599073803091,0.0078186190480307,0.0039580959832781,0.0351617187773401,2.501708710982091,0.0147713640121906,0.4590070740799628,0.0426135205421728,0.0170337659037227,0.0086231698960451,0.0766038711883004,29487,69,d6807e4979873472ffa7565585fbeba4d5951f0ac229c12a9e95f5a10513ffb7
impact,top10,M1,company,-0.009390883054764,0.0063115269162113,-0.0219853389259471,0.0032035728164189,-1.4878940040076876,0.1414017153303738,0.4590070740799628,-0.0204591248916745,0.0137503913831007,-0.0478976036916526,0.0069793539083035,29487,69,d6807e4979873472ffa7565585fbeba4d5951f0ac229c12a9e95f5a10513ffb7
impact,top10,M1,prior_team_productivity_5y,0.0202188585946474,0.0095017701255213,0.0012583715155814,0.0391793456737135,2.127904414393327,0.0369729344553039,0.4590070740799628,0.0440491219774211,0.0207007052006044,0.0027415078909267,0.0853567360639155,29487,69,d6807e4979873472ffa7565585fbeba4d5951f0ac229c12a9e95f5a10513ffb7
impact,top10,M2,quantity_centered,0.0087907080533913,0.001840984722466,0.0051170802364732,0.0124643358703093,4.7750032610894575,9.943548870339374e-06,0.4590070740799628,0.0191515742344744,0.0040107981476236,0.011148151140655,0.0271549973282937,29487,69,d6807e4979873472ffa7565585fbeba4d5951f0ac229c12a9e95f5a10513ffb7
impact,top10,M2,performance_centered,0.006890762130754,0.0044663659086304,-0.0020217322763154,0.0158032565378235,1.5428118232406542,0.127517672231673,0.4590070740799628,0.0150123222927793,0.0097304947153219,-0.0044045775990878,0.0344292221846464,29487,69,d6807e4979873472ffa7565585fbeba4d5951f0ac229c12a9e95f5a10513ffb7
impact,top10,M2,memory_centered,0.0211891547109468,0.0040360350810498,0.0131353721005508,0.0292429373213428,5.249992699626107,1.6422382373065751e-06,0.4590070740799628,0.0461630242919861,0.0087929692350379,0.0286169273684495,0.0637091212155228,29487,69,d6807e4979873472ffa7565585fbeba4d5951f0ac229c12a9e95f5a10513ffb7
impact,top10,M2,api,0.0419142011125457,0.0121650237181213,0.0176392742329275,0.0661891279921639,3.44546809638434,0.0009812138175761,0.4590070740799628,0.0913149349529282,0.0265029111860747,0.0384291990886716,0.1442006708171849,29487,69,d6807e4979873472ffa7565585fbeba4d5951f0ac229c12a9e95f5a10513ffb7
impact,top10,M2,log_team,0.1111597866269659,0.0144242531494065,0.082376637608246,0.1399429356456858,7.7064500654260195,7.477101625691759e-11,0.4590070740799628,0.2421744519946134,0.0314249038063709,0.1794670327758288,0.304881871213398,29487,69,d6807e4979873472ffa7565585fbeba4d5951f0ac229c12a9e95f5a10513ffb7
impact,top10,M2,log_org,0.0199807781143725,0.0078597984880649,0.0042967944241398,0.0356647618046053,2.5421489042897685,0.0133003404709774,0.4590070740799628,0.0435304361145679,0.0171234800766832,0.0093610636235886,0.0776998086055472,29487,69,d6807e4979873472ffa7565585fbeba4d5951f0ac229c12a9e95f5a10513ffb7
impact,top10,M2,company,-0.0090853653113191,0.0062283428788638,-0.0215138300203842,0.0033430993977459,-1.4587130939998083,0.1492479058864435,0.4590070740799628,-0.0197935191511588,0.0135691653366083,-0.0468703670057955,0.0072833287034777,29487,69,d6807e4979873472ffa7565585fbeba4d5951f0ac229c12a9e95f5a10513ffb7
impact,top10,M2,prior_team_productivity_5y,0.0201058247710162,0.0094813396787196,0.0011861060137981,0.0390255435282343,2.120567921023085,0.0376085189112621,0.4590070740799628,0.0438028647190602,0.0206561951092456,0.0025840691370074,0.0850216603011129,29487,69,d6807e4979873472ffa7565585fbeba4d5951f0ac229c12a9e95f5a10513ffb7
impact,top5,M0,log_team,0.0997575281302542,0.0123771078168437,0.0750593940207851,0.1244556622397233,8.059841572560003,1.7061716636716098e-11,0.384338222307965,0.2595566153457406,0.0322036870091106,0.1952951584415694,0.3238180722499119,29487,69,d6807e4979873472ffa7565585fbeba4d5951f0ac229c12a9e95f5a10513ffb7
impact,top5,M0,log_org,0.0056531413101989,0.0068153854889751,-0.0079467486887687,0.0192530313091666,0.8294675802775514,0.4097422501195129,0.384338222307965,0.0147087668675044,0.0177327809033629,-0.0206764464930087,0.0500939802280176,29487,69,d6807e4979873472ffa7565585fbeba4d5951f0ac229c12a9e95f5a10513ffb7
impact,top5,M0,company,-0.0059237766177058,0.0048111738370518,-0.015524324533251,0.0036767712978392,-1.2312539139794962,0.2224693555202358,0.384338222307965,-0.0154129260996561,0.0125180727749652,-0.040392351403477,0.0095664992041647,29487,69,d6807e4979873472ffa7565585fbeba4d5951f0ac229c12a9e95f5a10513ffb7
impact,top5,M0,prior_team_productivity_5y,0.0180164752945266,0.0067762501501298,0.0044946786483456,0.0315382719407076,2.65876773958548,0.0097698793664804,0.384338222307965,0.0468766160865735,0.0176309556448439,0.0116945918658698,0.0820586403072771,29487,69,d6807e4979873472ffa7565585fbeba4d5951f0ac229c12a9e95f5a10513ffb7
impact,top5,M1,quantity_centered,0.008147736436403,0.0016868244975144,0.0047817305588381,0.0115137423139679,4.830221785614774,8.094047511788717e-06,0.384338222307965,0.0211993914825218,0.0043889064360682,0.0124414650463951,0.0299573179186484,29487,69,d6807e4979873472ffa7565585fbeba4d5951f0ac229c12a9e95f5a10513ffb7
impact,top5,M1,performance_centered,0.0072577906608694,0.0034222974342009,0.0004287024568094,0.0140868788649294,2.1207363767796323,0.0375938191134366,0.384338222307965,0.0188838638459795,0.0089043900282669,0.0011154301912391,0.03665229750072,29487,69,d6807e4979873472ffa7565585fbeba4d5951f0ac229c12a9e95f5a10513ffb7
impact,top5,M1,memory_centered,0.0158562745537494,0.0038387929836355,0.0081960824207138,0.023516466686785,4.130536504923126,0.0001012432727035,0.384338222307965,0.0412560438525523,0.0099880593727666,0.0213251816889198,0.0611869060161849,29487,69,d6807e4979873472ffa7565585fbeba4d5951f0ac229c12a9e95f5a10513ffb7
impact,top5,M1,log_team,0.0888329690768223,0.0118342782304775,0.0652180345420077,0.1124479036116368,7.506412080801436,1.7241289908731367e-10,0.384338222307965,0.2311322786044466,0.0307913122962694,0.1696891715592872,0.2925753856496059,29487,69,d6807e4979873472ffa7565585fbeba4d5951f0ac229c12a9e95f5a10513ffb7
impact,top5,M1,log_org,0.008495720530692,0.0066672382117481,-0.0048085461792931,0.0217999872406773,1.2742488360055968,0.2069128811098892,0.384338222307965,0.0221048025868334,0.0173473202111179,-0.0125112359380174,0.0567208411116843,29487,69,d6807e4979873472ffa7565585fbeba4d5951f0ac229c12a9e95f5a10513ffb7
impact,top5,M1,company,-0.0127691524941414,0.005125162863991,-0.0229962557577535,-0.0025420492305294,-2.4914627755259318,0.015166618152391,0.384338222307965,-0.0332237382414433,0.0133350329644921,-0.0598333822216801,-0.0066140942612065,29487,69,d6807e4979873472ffa7565585fbeba4d5951f0ac229c12a9e95f5a10513ffb7
impact,top5,M1,prior_team_productivity_5y,0.0176123658784217,0.0066743030628264,0.0042940014776046,0.0309307302792389,2.638832206544022,0.0103053408339785,0.384338222307965,0.0458251739123391,0.0173657020702936,0.0111724549586012,0.0804778928660771,29487,69,d6807e4979873472ffa7565585fbeba4d5951f0ac229c12a9e95f5a10513ffb7
impact,top5,M2,quantity_centered,0.0077708041755261,0.0016887899634203,0.0044008762718103,0.0111407320792419,4.601403575248505,1.88631743970838e-05,0.384338222307965,0.0202186608681857,0.0043940203326098,0.0114505298103917,0.0289867919259798,29487,69,d6807e4979873472ffa7565585fbeba4d5951f0ac229c12a9e95f5a10513ffb7
impact,top5,M2,performance_centered,0.0070251387690315,0.0033946631724598,0.0002511938757188,0.0137990836623441,2.0694656324152936,0.0423049340621015,0.384338222307965,0.0182785327122691,0.0088324891343743,0.0006535750574335,0.0359034903671047,29487,69,d6807e4979873472ffa7565585fbeba4d5951f0ac229c12a9e95f5a10513ffb7
impact,top5,M2,memory_centered,0.0146010865240483,0.0037159493583481,0.0071860250286979,0.0220161480193986,3.929301805807994,0.0002018799774022,0.384338222307965,0.037990201537511,0.0096684356191109,0.0186971386440454,0.0572832644309766,29487,69,d6807e4979873472ffa7565585fbeba4d5951f0ac229c12a9e95f5a10513ffb7
impact,top5,M2,api,0.0290699672585304,0.0085621325850176,0.0119844976983445,0.0461554368187162,3.395178358882007,0.0011485934286448,0.384338222307965,0.0756364201404799,0.0222775984485793,0.0311821645694701,0.1200906757114897,29487,69,d6807e4979873472ffa7565585fbeba4d5951f0ac229c12a9e95f5a10513ffb7
impact,top5,M2,log_team,0.0865675628802383,0.0116090606234263,0.0634020430831054,0.1097330826773711,7.456896443933666,2.119827746469717e-10,0.384338222307965,0.2252379749284287,0.030205324242053,0.1649641888396472,0.2855117610172103,29487,69,d6807e4979873472ffa7565585fbeba4d5951f0ac229c12a9e95f5a10513ffb7
impact,top5,M2,log_org,0.0087876191744583,0.006701974077279,-0.0045859618760002,0.0221612002249169,1.3111986219478244,0.194201123993175,0.384338222307965,0.0228642863613417,0.0174376985901466,-0.0119320994109337,0.0576606721336173,29487,69,d6807e4979873472ffa7565585fbeba4d5951f0ac229c12a9e95f5a10513ffb7
impact,top5,M2,company,-0.0125572579437719,0.0050837968163376,-0.0227018165444755,-0.0024126993430682,-2.470055039063941,0.0160233265965256,0.384338222307965,-0.0326724151149087,0.0132274036805634,-0.0590672882029539,-0.0062775420268635,29487,69,d6807e4979873472ffa7565585fbeba4d5951f0ac229c12a9e95f5a10513ffb7
impact,top5,M2,prior_team_productivity_5y,0.0175339702639319,0.0066551446496107,0.0042538358814621,0.0308141046464017,2.634649010214608,0.0104210344377757,0.384338222307965,0.0456211983253704,0.0173158542745146,0.0110679490994097,0.0801744475513311,29487,69,d6807e4979873472ffa7565585fbeba4d5951f0ac229c12a9e95f5a10513ffb7
impact,top1,M0,log_team,0.0375141967410528,0.0073024643746558,0.0229423559585537,0.0520860375235518,5.137196816906158,2.5337388453349395e-06,0.2145263999971691,0.1748698376588982,0.0340399334289497,0.1069442080734888,0.2427954672443075,29487,69,d6807e4979873472ffa7565585fbeba4d5951f0ac229c12a9e95f5a10513ffb7
impact,top1,M0,log_org,-0.0016253443073445,0.0045703073261342,-0.0107452505837317,0.0074945619690425,-0.355631293775462,0.723217563329514,0.2145263999971691,-0.0075764302545796,0.0213041720095735,-0.0500882436095208,0.0349353831003616,29487,69,d6807e4979873472ffa7565585fbeba4d5951f0ac229c12a9e95f5a10513ffb7
impact,top1,M0,company,0.0017472803527135,0.00239900249387,-0.0030398545902269,0.0065344152956539,0.7283361968893949,0.4689086161122543,0.2145263999971691,0.0081448267100765,0.0111827844680269,-0.0141700722627474,0.0304597256829005,29487,69,d6807e4979873472ffa7565585fbeba4d5951f0ac229c12a9e95f5a10513ffb7
impact,top1,M0,prior_team_productivity_5y,0.0096534146561816,0.0025311983575811,0.0046024869743421,0.0147043423380211,3.813772487355128,0.0002975534816119,0.2145263999971691,0.0449987258272596,0.0117990063582598,0.0214541752176089,0.0685432764369103,29487,69,d6807e4979873472ffa7565585fbeba4d5951f0ac229c12a9e95f5a10513ffb7
impact,top1,M1,quantity_centered,0.0048030233327458,0.0012220440954583,0.0023644723074214,0.0072415743580701,3.930319168183971,0.0002011859906066,0.2145263999971691,0.0223889616047685,0.0056964741657643,0.0110218243882929,0.0337560988212441,29487,69,d6807e4979873472ffa7565585fbeba4d5951f0ac229c12a9e95f5a10513ffb7
impact,top1,M1,performance_centered,0.0040954641519985,0.0029243953814249,-0.0017400759748518,0.0099310042788488,1.4004481671705242,0.1659257369832013,0.2145263999971691,0.0190907233424536,0.0136318671336652,-0.008111244000155,0.0462926906850622,29487,69,d6807e4979873472ffa7565585fbeba4d5951f0ac229c12a9e95f5a10513ffb7
impact,top1,M1,memory_centered,0.0038481335489898,0.0015645109252489,0.000726200604773,0.0069700664932066,2.4596399340436568,0.0164556467020818,0.2145263999971691,0.0179378088153282,0.0072928596446384,0.0033851339731736,0.0324904836574827,29487,69,d6807e4979873472ffa7565585fbeba4d5951f0ac229c12a9e95f5a10513ffb7
impact,top1,M1,log_team,0.032269355256296,0.0071394197061882,0.0180228650441594,0.0465158454684326,4.519884890410058,2.538634132320849e-05,0.2145263999971691,0.1504213712471838,0.0332799119655317,0.0840123408792449,0.2168304016151228,29487,69,d6807e4979873472ffa7565585fbeba4d5951f0ac229c12a9e95f5a10513ffb7
impact,top1,M1,log_org,-0.0001655809321241,0.004461669198873,-0.0090687032007928,0.0087375413365445,-0.0371118800483871,0.9705045343918498,0.2145263999971691,-0.0007718440813174,0.020797762881081,-0.0422731337537595,0.0407294455911245,29487,69,d6807e4979873472ffa7565585fbeba4d5951f0ac229c12a9e95f5a10513ffb7
impact,top1,M1,company,-0.0017681006957849,0.0024571805209094,-0.0066713280841743,0.0031351266926045,-0.7195648348744298,0.4742588299934753,0.2145263999971691,-0.0082418793016068,0.0114539773237322,-0.0310979351924164,0.0146141765892027,29487,69,d6807e4979873472ffa7565585fbeba4d5951f0ac229c12a9e95f5a10513ffb7
impact,top1,M1,prior_team_productivity_5y,0.0093758802704027,0.0024930168174318,0.0044011426656853,0.01435061787512,3.7608572091627983,0.0003546627648737,0.2145263999971691,0.0437050184523975,0.0116210257453849,0.0205156226261355,0.0668944142786596,29487,69,d6807e4979873472ffa7565585fbeba4d5951f0ac229c12a9e95f5a10513ffb7
impact,top1,M2,quantity_centered,0.0047380643070954,0.0012249221681212,0.0022937701771898,0.007182358437001,3.86805335914744,0.0002481682843673,0.2145263999971691,0.0220861595922832,0.0057098901027444,0.010692251290378,0.0334800678941884,29487,69,d6807e4979873472ffa7565585fbeba4d5951f0ac229c12a9e95f5a10513ffb7
impact,top1,M2,performance_centered,0.0040553698385683,0.0029255636364576,-0.0017825015049037,0.0098932411820405,1.3861841144152098,0.1702194037962445,0.2145263999971691,0.0189038264690122,0.0136373128738293,-0.0083090076789024,0.0461166606169268,29487,69,d6807e4979873472ffa7565585fbeba4d5951f0ac229c12a9e95f5a10513ffb7
impact,top1,M2,memory_centered,0.0036318193729951,0.0015652401864193,0.0005084312107699,0.0067552075352204,2.3202952521321105,0.0233328687242382,0.2145263999971691,0.0169294752209663,0.007296259045227,0.0023700169805517,0.0314889334613808,29487,69,d6807e4979873472ffa7565585fbeba4d5951f0ac229c12a9e95f5a10513ffb7
impact,top1,M2,api,0.0050098040014123,0.002985528747137,-0.0009477258573902,0.0109673338602149,1.6780290614238638,0.0979321319659635,0.2145263999971691,0.0233528554130328,0.0139168360965197,-0.0044177586413737,0.0511234694674393,29487,69,d6807e4979873472ffa7565585fbeba4d5951f0ac229c12a9e95f5a10513ffb7
impact,top1,M2,log_team,0.0318789440484836,0.0071453533716491,0.0176206133912702,0.046137274705697,4.461492999768316,3.1357395077508934e-05,0.2145263999971691,0.148601496360841,0.0333075713373433,0.0821372725757892,0.2150657201458927,29487,69,d6807e4979873472ffa7565585fbeba4d5951f0ac229c12a9e95f5a10513ffb7
impact,top1,M2,log_org,-0.0001152762661249,0.0044692527935844,-0.0090335313624287,0.0088029788301787,-0.0257931854493586,0.9794978423915598,0.2145263999971691,-0.0005373523544258,0.0208331132841618,-0.0421091826579291,0.0410344779490774,29487,69,d6807e4979873472ffa7565585fbeba4d5951f0ac229c12a9e95f5a10513ffb7
impact,top1,M2,company,-0.0017315836210706,0.0024491861012391,-0.0066188583933832,0.0031556911512418,-0.7070036940821239,0.4819800301977161,0.2145263999971691,-0.0080716574794223,0.0114167118884738,-0.0308533513519576,0.0147100363931129,29487,69,d6807e4979873472ffa7565585fbeba4d5951f0ac229c12a9e95f5a10513ffb7
impact,top1,M2,prior_team_productivity_5y,0.0093623698780561,0.0024929295195087,0.004387806473632,0.0143369332824802,3.7555694233589874,0.0003609134953646,0.2145263999971691,0.0436420406914006,0.0116206188121446,0.0204534568877768,0.0668306244950245,29487,69,d6807e4979873472ffa7565585fbeba4d5951f0ac229c12a9e95f5a10513ffb7
