outcome,family,model,term,coefficient,standard_error,ci_low,ci_high,statistic,p_value,outcome_sd,coefficient_outcome_sd,standard_error_outcome_sd,ci_low_outcome_sd,ci_high_outcome_sd,n,clusters,sample_sha256,p_value_holm,holm_family,holm_family_size,reject_holm_05,reported_effect,reported_effect_unit,term_label,outcome_label
cumulative_citations,impact,M2,api,0.1395845670833754,0.0337908165187233,0.0721560425526167,0.2070130916141342,4.130843272343903,0.0001011354458725,1.5527016896753016,0.0898978651285973,0.0217625940278261,0.0464712848787495,0.1333244453784451,29487,69,d6807e4979873472ffa7565585fbeba4d5951f0ac229c12a9e95f5a10513ffb7,0.0004045417834902,impact:api_across_4_outcomes,4,True,14.979603650402638,percent_change_in_1_plus_outcome,API reported (yes vs no),"Cumulative citations, log(1+y)"
top1,impact,M2,api,0.0050098040014123,0.002985528747137,-0.0009477258573902,0.0109673338602149,1.6780290614238638,0.0979321319659635,0.2145263999971691,0.0233528554130328,0.0139168360965197,-0.0044177586413737,0.0511234694674393,29487,69,d6807e4979873472ffa7565585fbeba4d5951f0ac229c12a9e95f5a10513ffb7,0.0979321319659635,impact:api_across_4_outcomes,4,False,0.5009804001412332,percentage_points,API reported (yes vs no),Top 1% cited
top10,impact,M2,api,0.0419142011125457,0.0121650237181213,0.0176392742329275,0.0661891279921639,3.44546809638434,0.0009812138175761,0.4590070740799628,0.0913149349529282,0.0265029111860747,0.0384291990886716,0.1442006708171849,29487,69,d6807e4979873472ffa7565585fbeba4d5951f0ac229c12a9e95f5a10513ffb7,0.0029436414527283,impact:api_across_4_outcomes,4,True,4.191420111254574,percentage_points,API reported (yes vs no),Top 10% cited
top5,impact,M2,api,0.0290699672585304,0.0085621325850176,0.0119844976983445,0.0461554368187162,3.395178358882007,0.0011485934286448,0.384338222307965,0.0756364201404799,0.0222775984485793,0.0311821645694701,0.1200906757114897,29487,69,d6807e4979873472ffa7565585fbeba4d5951f0ac229c12a9e95f5a10513ffb7,0.0029436414527283,impact:api_across_4_outcomes,4,True,2.906996725853043,percentage_points,API reported (yes vs no),Top 5% cited
cumulative_citations,impact,M2,memory_centered,0.0671221651482028,0.0114329942982692,0.044307980232792,0.0899363500636136,5.870917398984808,1.427338983627442e-07,1.5527016896753016,0.0432292729469749,0.0073632909491198,0.0285360546249277,0.0579224912690221,29487,69,d6807e4979873472ffa7565585fbeba4d5951f0ac229c12a9e95f5a10513ffb7,5.709355934509767e-07,impact:memory_centered_across_4_outcomes,4,True,6.942611679474477,percent_change_in_1_plus_outcome,Per-GPU VRAM (doubling),"Cumulative citations, log(1+y)"
top1,impact,M2,memory_centered,0.0036318193729951,0.0015652401864193,0.0005084312107699,0.0067552075352204,2.3202952521321105,0.0233328687242382,0.2145263999971691,0.0169294752209663,0.007296259045227,0.0023700169805517,0.0314889334613808,29487,69,d6807e4979873472ffa7565585fbeba4d5951f0ac229c12a9e95f5a10513ffb7,0.0233328687242382,impact:memory_centered_across_4_outcomes,4,True,0.3631819372995181,percentage_points,Per-GPU VRAM (doubling),Top 1% cited
top10,impact,M2,memory_centered,0.0211891547109468,0.0040360350810498,0.0131353721005508,0.0292429373213428,5.249992699626107,1.6422382373065751e-06,0.4590070740799628,0.0461630242919861,0.0087929692350379,0.0286169273684495,0.0637091212155228,29487,69,d6807e4979873472ffa7565585fbeba4d5951f0ac229c12a9e95f5a10513ffb7,4.926714711919727e-06,impact:memory_centered_across_4_outcomes,4,True,2.1189154710946814,percentage_points,Per-GPU VRAM (doubling),Top 10% cited
top5,impact,M2,memory_centered,0.0146010865240483,0.0037159493583481,0.0071860250286979,0.0220161480193986,3.929301805807994,0.0002018799774022,0.384338222307965,0.037990201537511,0.0096684356191109,0.0186971386440454,0.0572832644309766,29487,69,d6807e4979873472ffa7565585fbeba4d5951f0ac229c12a9e95f5a10513ffb7,0.0004037599548045,impact:memory_centered_across_4_outcomes,4,True,1.4601086524048317,percentage_points,Per-GPU VRAM (doubling),Top 5% cited
cumulative_citations,impact,M2,performance_centered,0.0156246992440908,0.0105105423579663,-0.0053487614837082,0.03659815997189,1.486574023675227,0.1417494963432636,1.5527016896753016,0.0100629112133949,0.00676919618743,-0.0034448094693751,0.023570631896165,29487,69,d6807e4979873472ffa7565585fbeba4d5951f0ac229c12a9e95f5a10513ffb7,0.3825530166950192,impact:performance_centered_across_4_outcomes,4,False,1.5747403094606154,percent_change_in_1_plus_outcome,Per-GPU performance (doubling),"Cumulative citations, log(1+y)"
top1,impact,M2,performance_centered,0.0040553698385683,0.0029255636364576,-0.0017825015049037,0.0098932411820405,1.3861841144152098,0.1702194037962445,0.2145263999971691,0.0189038264690122,0.0136373128738293,-0.0083090076789024,0.0461166606169268,29487,69,d6807e4979873472ffa7565585fbeba4d5951f0ac229c12a9e95f5a10513ffb7,0.3825530166950192,impact:performance_centered_across_4_outcomes,4,False,0.4055369838568391,percentage_points,Per-GPU performance (doubling),Top 1% cited
top10,impact,M2,performance_centered,0.006890762130754,0.0044663659086304,-0.0020217322763154,0.0158032565378235,1.5428118232406542,0.127517672231673,0.4590070740799628,0.0150123222927793,0.0097304947153219,-0.0044045775990878,0.0344292221846464,29487,69,d6807e4979873472ffa7565585fbeba4d5951f0ac229c12a9e95f5a10513ffb7,0.3825530166950192,impact:performance_centered_across_4_outcomes,4,False,0.6890762130754041,percentage_points,Per-GPU performance (doubling),Top 10% cited
top5,impact,M2,performance_centered,0.0070251387690315,0.0033946631724598,0.0002511938757188,0.0137990836623441,2.0694656324152936,0.0423049340621015,0.384338222307965,0.0182785327122691,0.0088324891343743,0.0006535750574335,0.0359034903671047,29487,69,d6807e4979873472ffa7565585fbeba4d5951f0ac229c12a9e95f5a10513ffb7,0.1692197362484062,impact:performance_centered_across_4_outcomes,4,False,0.7025138769031513,percentage_points,Per-GPU performance (doubling),Top 5% cited
cumulative_citations,impact,M2,quantity_centered,0.0368144112713719,0.0056635391817088,0.0255129947923362,0.0481158277504075,6.500248358882868,1.1139645880161624e-08,1.5527016896753016,0.0237099061050616,0.003647538493304,0.0164313563654789,0.0309884558446442,29487,69,d6807e4979873472ffa7565585fbeba4d5951f0ac229c12a9e95f5a10513ffb7,4.4558583520646494e-08,impact:quantity_centered_across_4_outcomes,4,True,3.750045457932977,percent_change_in_1_plus_outcome,GPU quantity (doubling),"Cumulative citations, log(1+y)"
top1,impact,M2,quantity_centered,0.0047380643070954,0.0012249221681212,0.0022937701771898,0.007182358437001,3.86805335914744,0.0002481682843673,0.2145263999971691,0.0220861595922832,0.0057098901027444,0.010692251290378,0.0334800678941884,29487,69,d6807e4979873472ffa7565585fbeba4d5951f0ac229c12a9e95f5a10513ffb7,0.0002481682843673,impact:quantity_centered_across_4_outcomes,4,True,0.4738064307095465,percentage_points,GPU quantity (doubling),Top 1% cited
top10,impact,M2,quantity_centered,0.0087907080533913,0.001840984722466,0.0051170802364732,0.0124643358703093,4.7750032610894575,9.943548870339374e-06,0.4590070740799628,0.0191515742344744,0.0040107981476236,0.011148151140655,0.0271549973282937,29487,69,d6807e4979873472ffa7565585fbeba4d5951f0ac229c12a9e95f5a10513ffb7,2.9830646611018124e-05,impact:quantity_centered_across_4_outcomes,4,True,0.8790708053391317,percentage_points,GPU quantity (doubling),Top 10% cited
top5,impact,M2,quantity_centered,0.0077708041755261,0.0016887899634203,0.0044008762718103,0.0111407320792419,4.601403575248505,1.88631743970838e-05,0.384338222307965,0.0202186608681857,0.0043940203326098,0.0114505298103917,0.0289867919259798,29487,69,d6807e4979873472ffa7565585fbeba4d5951f0ac229c12a9e95f5a10513ffb7,3.772634879416759e-05,impact:quantity_centered_across_4_outcomes,4,True,0.7770804175526144,percentage_points,GPU quantity (doubling),Top 5% cited
