venue,2020,2021,2022,2023,2024,2025,total
aaai,1610,1654,1319,1577,2501,3181,11842
acl,778,1167,1031,2020,1916,3126,10038
aistats,423,455,492,496,547,583,2996
colt,123,137,158,166,164,178,926
cvpr,1466,1660,2071,2353,2713,2871,13134
eccv,1358,0,1645,0,2387,0,5390
emnlp,1198,1271,1375,2106,2271,3214,11435
iccv,0,1612,0,2156,0,2701,6469
iclr,687,860,1095,1575,2260,3704,10181
icml,1084,1183,1233,1828,2610,3330,11268
ijcai,646,586,728,708,876,1258,4802
naacl,0,477,651,0,858,1193,3179
neurips,1898,2334,2834,3541,4494,5814,20915
uai,140,205,230,243,200,229,1247
Total,11411,13601,14862,18769,23797,31382,113822
