specification,family,outcome,outcome_label,resource,resource_label,model,interaction_term,coefficient,standard_error,ci_low,ci_high,statistic,p_value,p_value_holm,reject_holm_05,holm_family,holm_family_size,n,clusters,within_r2,adjusted_r2,delta_r2,delta_within_r2,partial_r2,sample_sha256
venue_year_topic,impact,cumulative_citations,Cumulative Citations,quantity,GPU Count,M3_quantity,quantity_x_ksc,-0.0157676638834811,0.0050662321510275,-0.0258771727402676,-0.0056581550266946,-3.1123058346789287,0.0027143564149121,0.0081430692447365,True,venue_year_topic:impact:quantity,4,29239,69,0.0394157232479133,0.5662309862730193,0.0002119484634218,0.0004804699911474,0.0004999350905082,1b6b84deb2b845abca82df6d98abdae1d2e8d682005decb2759a2810247007cc
venue_year_topic,impact,top10,Top Cited (10%),quantity,GPU Count,M3_quantity,quantity_x_ksc,-0.0060082730835729,0.0016141093453853,-0.00922917813422,-0.0027873680329258,-3.7223457634702486,0.0004026626735926,0.0016106506943704,True,venue_year_topic:impact:quantity,4,29239,69,0.0217994999521877,0.2511783775761155,0.0003534670282693,0.0004726693697836,0.0004829695801969,1b6b84deb2b845abca82df6d98abdae1d2e8d682005decb2759a2810247007cc
venue_year_topic,impact,top5,Top Cited (5%),quantity,GPU Count,M3_quantity,quantity_x_ksc,-0.0042884291780396,0.0015481016451296,-0.0073776179135913,-0.0011992404424879,-2.770121194258204,0.0072181709911296,0.0144363419822593,True,venue_year_topic:impact:quantity,4,29239,69,0.0167586407967046,0.1878359225540086,0.0002574412844143,0.0003190462192363,0.0003243788764547,1b6b84deb2b845abca82df6d98abdae1d2e8d682005decb2759a2810247007cc
venue_year_topic,impact,top1,Top Cited (1%),quantity,GPU Count,M3_quantity,quantity_x_ksc,-0.0020023657653292,0.0010724335646858,-0.0041423736246824,0.000137642094024,-1.8671233643416127,0.0661954841597351,0.0661954841597351,False,venue_year_topic:impact:quantity,4,29239,69,0.0077881018172243,0.0755512479532363,0.0001802951262232,0.0001980909450742,0.0001996059564538,1b6b84deb2b845abca82df6d98abdae1d2e8d682005decb2759a2810247007cc
venue_year_topic,impact,cumulative_citations,Cumulative Citations,performance,Performance,M3_performance,performance_x_ksc,-0.0078977890800547,0.0063946709533311,-0.0206581562941439,0.0048625781340344,-1.235057931470353,0.2210593799556825,0.442118759911365,False,venue_year_topic:impact:performance,4,29239,69,0.0389760362201391,0.5660324377302188,1.7990481362014724e-05,4.078296337321806e-05,4.243518817168098e-05,1b6b84deb2b845abca82df6d98abdae1d2e8d682005decb2759a2810247007cc
venue_year_topic,impact,top10,Top Cited (10%),performance,Performance,M3_performance,performance_x_ksc,-0.0023861601066192,0.0027064380382635,-0.0077867731268141,0.0030144529135755,-0.8816607189537813,0.3810661822949437,0.442118759911365,False,venue_year_topic:impact:performance,4,29239,69,0.0213520533913206,0.2508358530531367,1.8861876572174534e-05,2.522280891645958e-05,2.5772453669563216e-05,1b6b84deb2b845abca82df6d98abdae1d2e8d682005decb2759a2810247007cc
venue_year_topic,impact,top5,Top Cited (5%),performance,Performance,M3_performance,performance_x_ksc,-0.006210736744218,0.0026767869996415,-0.0115521820380579,-0.000869291450378,-2.320220751613709,0.0233371433179956,0.0700114299539868,False,venue_year_topic:impact:performance,4,29239,69,0.0166659961902932,0.1877593974764251,0.0001826855122703,0.0002264016128249,0.0002301857736207,1b6b84deb2b845abca82df6d98abdae1d2e8d682005decb2759a2810247007cc
venue_year_topic,impact,top1,Top Cited (1%),performance,Performance,M3_performance,performance_x_ksc,-0.0039563511887199,0.0015856054890203,-0.0071203776795646,-0.0007923246978752,-2.495167439893528,0.0150226188199519,0.0600904752798079,False,venue_year_topic:impact:performance,4,29239,69,0.0078516505630498,0.0756104566352527,0.0002381348681944,0.0002616396908996,0.000263640726883,1b6b84deb2b845abca82df6d98abdae1d2e8d682005decb2759a2810247007cc
venue_year_topic,impact,cumulative_citations,Cumulative Citations,memory,VRAM,M3_memory,memory_x_ksc,-0.0063574462800498,0.0088426075062881,-0.0240025948316762,0.0112877022715765,-0.7189560630762964,0.4746314270058929,0.9132018253796476,False,venue_year_topic:impact:memory,4,29239,69,0.0389590687098064,0.5660247757474022,1.0505648158365957e-05,2.3815453040583507e-05,2.478027949863636e-05,1b6b84deb2b845abca82df6d98abdae1d2e8d682005decb2759a2810247007cc
venue_year_topic,impact,top10,Top Cited (10%),memory,VRAM,M3_memory,memory_x_ksc,-0.0023734875508513,0.0031700099835746,-0.008699143985397,0.0039521688836943,-0.7487318851200689,0.4566009126898238,0.9132018253796476,False,venue_year_topic:impact:memory,4,29239,69,0.0213493208144943,0.250833761240045,1.6818427446783986e-05,2.2490232090235007e-05,2.298032968822354e-05,1b6b84deb2b845abca82df6d98abdae1d2e8d682005decb2759a2810247007cc
venue_year_topic,impact,top5,Top Cited (5%),memory,VRAM,M3_memory,memory_x_ksc,-0.0055887229163087,0.0030178611410283,-0.0116107710626002,0.0004333252299828,-1.8518820632033148,0.0683844080161067,0.2051532240483203,False,venue_year_topic:impact:memory,4,29239,69,0.0166048075567699,0.187708855247266,0.000133311849597,0.0001652129793016,0.0001679744105098,1b6b84deb2b845abca82df6d98abdae1d2e8d682005decb2759a2810247007cc
venue_year_topic,impact,top1,Top Cited (1%),memory,VRAM,M3_memory,memory_x_ksc,-0.0035127417476334,0.0014333109659756,-0.0063728692493155,-0.0006526142459514,-2.450788301366557,0.0168312700858748,0.0673250803434994,False,venue_year_topic:impact:memory,4,29239,69,0.0077758906453209,0.0755398707437432,0.0001691809645999,0.0001858797731707,0.0001873013927783,1b6b84deb2b845abca82df6d98abdae1d2e8d682005decb2759a2810247007cc
venue_year_topic,impact,cumulative_citations,Cumulative Citations,api,API,M3_api,api_x_ksc,-0.0351232429349449,0.0198074303373778,-0.0746483547846433,0.0044018689147535,-1.7732357169352309,0.0806676077794462,0.1613352155588925,False,venue_year_topic:impact:api,4,29239,69,0.0390656154810095,0.5660728888479172,5.7506345090778464e-05,0.0001303622242435,0.000135643539819,1b6b84deb2b845abca82df6d98abdae1d2e8d682005decb2759a2810247007cc
venue_year_topic,impact,top10,Top Cited (10%),api,API,M3_api,api_x_ksc,-0.0121671759747078,0.0081969837981294,-0.0285240024753089,0.0041896505258933,-1.4843479350885551,0.1423375347937969,0.1613352155588925,False,venue_year_topic:impact:api,4,29239,69,0.0214328215109719,0.250897681803372,7.926110922208111e-05,0.0001059909285677,0.0001083006379247,1b6b84deb2b845abca82df6d98abdae1d2e8d682005decb2759a2810247007cc
venue_year_topic,impact,top5,Top Cited (5%),api,API,M3_api,api_x_ksc,-0.0127954707078973,0.0062735779492548,-0.0253142005945387,-0.0002767408212558,-2.0395810510997263,0.0452799709123151,0.1358399127369454,False,venue_year_topic:impact:api,4,29239,69,0.0165949050130588,0.1877006756785341,0.0001253213973732,0.0001553104355904,0.0001579063519985,1b6b84deb2b845abca82df6d98abdae1d2e8d682005decb2759a2810247007cc
venue_year_topic,impact,top1,Top Cited (1%),api,API,M3_api,api_x_ksc,-0.0101716542910088,0.0034205872066108,-0.0169973297890472,-0.0033459787929705,-2.973657350805301,0.0040687924756091,0.0162751699024366,True,venue_year_topic:impact:api,4,29239,69,0.0078695174089867,0.0756271032643243,0.0002543966172724,0.0002795065368366,0.0002816442195249,1b6b84deb2b845abca82df6d98abdae1d2e8d682005decb2759a2810247007cc
