outcome,specification,family,model,resource,ksc_z_level,estimate,standard_error,ci_low,ci_high,p_value,effect_type,n,clusters,sample_sha256,p_value_holm,reject_holm_05,holm_family,holm_family_size,marginal_association,marginal_standard_error,marginal_ci_low,marginal_ci_high,marginal_unit,interaction_coefficient,interaction_p_value,interaction_p_value_holm,reported_estimate,reported_ci_low,reported_ci_high,reported_unit,outcome_label,resource_label,outcome_order,resource_order
cumulative_citations,venue_year_topic,impact,M3_quantity,quantity,-1.0,0.0516593187968892,0.0081351585542428,0.0354258626496419,0.0678927749441365,2.0577792296444562e-08,conditional_linear_slope,29239,69,1b6b84deb2b845abca82df6d98abdae1d2e8d682005decb2759a2810247007cc,8.231116918577826e-08,True,venue_year_topic:impact:quantity:ksc_-1,4,5.301693832047006,0.856645975354038,3.6060834475641865,7.025054465166732,percent_change_in_1_plus_outcome,-0.0157676638834811,0.0027143564149121,0.0081430692447365,5.301693832047006,3.6060834475641865,7.025054465166732,percent_change_in_1_plus_outcome,Cumulative Citations,GPU Count,5,0
cumulative_citations,venue_year_topic,impact,M3_quantity,quantity,0.0,0.0358916549134081,0.0053593366557409,0.0251972651238039,0.0465860447030122,4.9626886325697985e-09,conditional_linear_slope,29239,69,1b6b84deb2b845abca82df6d98abdae1d2e8d682005decb2759a2810247007cc,1.9850754530279197e-08,True,venue_year_topic:impact:quantity:ksc_+0,4,3.654353600772408,0.5555185767797505,2.551739938924391,4.768822321228089,percent_change_in_1_plus_outcome,-0.0157676638834811,0.0027143564149121,0.0081430692447365,3.654353600772408,2.551739938924391,4.768822321228089,percent_change_in_1_plus_outcome,Cumulative Citations,GPU Count,5,0
cumulative_citations,venue_year_topic,impact,M3_quantity,quantity,1.0,0.0201239910299269,0.0065266829624762,0.0071001979530132,0.0331477841068407,0.0029566361448552,conditional_linear_slope,29239,69,1b6b84deb2b845abca82df6d98abdae1d2e8d682005decb2759a2810247007cc,0.0118265445794208,True,venue_year_topic:impact:quantity:ksc_+1,4,2.032784368413593,0.6659356353513348,0.7125464121366429,3.3703292871623445,percent_change_in_1_plus_outcome,-0.0157676638834811,0.0027143564149121,0.0081430692447365,2.032784368413593,0.7125464121366429,3.3703292871623445,percent_change_in_1_plus_outcome,Cumulative Citations,GPU Count,5,0
top10,venue_year_topic,impact,M3_quantity,quantity,-1.0,0.0145468811736162,0.0026848226741273,0.0091894009409966,0.0199043614062358,8.548710371525272e-07,conditional_linear_slope,29239,69,1b6b84deb2b845abca82df6d98abdae1d2e8d682005decb2759a2810247007cc,2.5646131114575814e-06,True,venue_year_topic:impact:quantity:ksc_-1,4,1.4546881173616286,0.2684822674127391,0.9189400940996686,1.9904361406235889,percentage_points,-0.0060082730835729,0.0004026626735926,0.0016106506943704,1.4546881173616286,0.9189400940996686,1.9904361406235889,percentage_points,Top Cited (10%),GPU Count,6,0
top10,venue_year_topic,impact,M3_quantity,quantity,0.0,0.0085386080900433,0.0018660571460517,0.0048149490308244,0.0122622671492621,2.0716723658514405e-05,conditional_linear_slope,29239,69,1b6b84deb2b845abca82df6d98abdae1d2e8d682005decb2759a2810247007cc,6.215017097554322e-05,True,venue_year_topic:impact:quantity:ksc_+0,4,0.8538608090043319,0.1866057146051722,0.4814949030824467,1.2262267149262172,percentage_points,-0.0060082730835729,0.0004026626735926,0.0016106506943704,0.8538608090043319,0.4814949030824467,1.2262267149262172,percentage_points,Top Cited (10%),GPU Count,6,0
top10,venue_year_topic,impact,M3_quantity,quantity,1.0,0.0025303350064703,0.002228623725727,-0.0019168143980654,0.0069774844110061,0.2602021594390597,conditional_linear_slope,29239,69,1b6b84deb2b845abca82df6d98abdae1d2e8d682005decb2759a2810247007cc,0.2602021594390597,False,venue_year_topic:impact:quantity:ksc_+1,4,0.2530335006470354,0.2228623725727071,-0.1916814398065442,0.6977484411006151,percentage_points,-0.0060082730835729,0.0004026626735926,0.0016106506943704,0.2530335006470354,-0.1916814398065442,0.6977484411006151,percentage_points,Top Cited (10%),GPU Count,6,0
top5,venue_year_topic,impact,M3_quantity,quantity,-1.0,0.0118053172406504,0.0029177477127082,0.0059830423301907,0.0176275921511102,0.00013557132396,conditional_linear_slope,29239,69,1b6b84deb2b845abca82df6d98abdae1d2e8d682005decb2759a2810247007cc,0.0002711426479201,True,venue_year_topic:impact:quantity:ksc_-1,4,1.1805317240650488,0.2917747712708233,0.598304233019072,1.7627592151110256,percentage_points,-0.0042884291780396,0.0072181709911296,0.0144363419822593,1.1805317240650488,0.598304233019072,1.7627592151110256,percentage_points,Top Cited (5%),GPU Count,7,0
top5,venue_year_topic,impact,M3_quantity,quantity,0.0,0.0075168880626108,0.0016848667441237,0.0041547888211125,0.0108789873041091,3.136633204124301e-05,conditional_linear_slope,29239,69,1b6b84deb2b845abca82df6d98abdae1d2e8d682005decb2759a2810247007cc,6.273266408248602e-05,True,venue_year_topic:impact:quantity:ksc_+0,4,0.7516888062610836,0.1684866744123756,0.4154788821112525,1.087898730410915,percentage_points,-0.0042884291780396,0.0072181709911296,0.0144363419822593,0.7516888062610836,0.4154788821112525,1.087898730410915,percentage_points,Top Cited (5%),GPU Count,7,0
top5,venue_year_topic,impact,M3_quantity,quantity,1.0,0.0032284588845711,0.0013991202890389,0.0004365578164607,0.0060203599526816,0.0240777556082035,conditional_linear_slope,29239,69,1b6b84deb2b845abca82df6d98abdae1d2e8d682005decb2759a2810247007cc,0.0722332668246107,False,venue_year_topic:impact:quantity:ksc_+1,4,0.3228458884571182,0.1399120289038989,0.0436557816460736,0.6020359952681629,percentage_points,-0.0042884291780396,0.0072181709911296,0.0144363419822593,0.3228458884571182,0.0436557816460736,0.6020359952681629,percentage_points,Top Cited (5%),GPU Count,7,0
top1,venue_year_topic,impact,M3_api,api,-1.0,0.017176983435384,0.0048091152854813,0.0075805432955416,0.0267734235752265,0.0006568080983362,api_discrete_difference_lpm,29239,69,1b6b84deb2b845abca82df6d98abdae1d2e8d682005decb2759a2810247007cc,0.001020056895738,True,venue_year_topic:impact:api:ksc_-1,4,1.717698343538406,0.480911528548138,0.7580543295541604,2.677342357522652,percentage_points,-0.0101716542910088,0.0040687924756091,0.0162751699024366,1.717698343538406,0.7580543295541604,2.677342357522652,percentage_points,Top Cited (1%),API,8,3
top1,venue_year_topic,impact,M3_api,api,0.0,0.0070053291443751,0.0026742357173397,0.0016689748551037,0.0123416834336466,0.0108481389223438,api_discrete_difference_lpm,29239,69,1b6b84deb2b845abca82df6d98abdae1d2e8d682005decb2759a2810247007cc,0.0108481389223438,True,venue_year_topic:impact:api:ksc_+0,4,0.7005329144375171,0.267423571733973,0.1668974855103739,1.2341683433646604,percentage_points,-0.0101716542910088,0.0040687924756091,0.0162751699024366,0.7005329144375171,0.1668974855103739,1.2341683433646604,percentage_points,Top Cited (1%),API,8,3
top1,venue_year_topic,impact,M3_api,api,1.0,-0.0031663251466337,0.0038178943399208,-0.0107848146854276,0.0044521643921602,0.4098149970192989,api_discrete_difference_lpm,29239,69,1b6b84deb2b845abca82df6d98abdae1d2e8d682005decb2759a2810247007cc,0.4098149970192989,False,venue_year_topic:impact:api:ksc_+1,4,-0.316632514663372,0.3817894339920881,-1.0784814685427686,0.4452164392160248,percentage_points,-0.0101716542910088,0.0040687924756091,0.0162751699024366,-0.316632514663372,-1.0784814685427686,0.4452164392160248,percentage_points,Top Cited (1%),API,8,3
