specification,family,outcome,model,n,clusters,first_fe_levels,second_fe_levels,fe_rank,design_rank,r2,within_r2,adjusted_r2,sample_sha256
venue_year_topic,impact,cumulative_citations,M2_context,29239,69,69,599,667,676,0.5760480361432536,0.0389352532567659,0.5660292154450319,1b6b84deb2b845abca82df6d98abdae1d2e8d682005decb2759a2810247007cc
venue_year_topic,impact,cumulative_citations,M3_quantity,29239,69,69,599,667,677,0.5762599846066755,0.0394157232479133,0.5662309862730193,1b6b84deb2b845abca82df6d98abdae1d2e8d682005decb2759a2810247007cc
venue_year_topic,impact,cumulative_citations,M3_performance,29239,69,69,599,667,677,0.5760660266246156,0.0389760362201391,0.5660324377302188,1b6b84deb2b845abca82df6d98abdae1d2e8d682005decb2759a2810247007cc
venue_year_topic,impact,cumulative_citations,M3_memory,29239,69,69,599,667,677,0.5760585417914119,0.0389590687098064,0.5660247757474022,1b6b84deb2b845abca82df6d98abdae1d2e8d682005decb2759a2810247007cc
venue_year_topic,impact,cumulative_citations,M3_api,29239,69,69,599,667,677,0.5761055424883443,0.0390656154810095,0.5660728888479172,1b6b84deb2b845abca82df6d98abdae1d2e8d682005decb2759a2810247007cc
venue_year_topic,impact,top10,M2_context,29239,69,69,599,667,676,0.2681381131184237,0.0213268305824041,0.2508427739157817,1b6b84deb2b845abca82df6d98abdae1d2e8d682005decb2759a2810247007cc
venue_year_topic,impact,top10,M3_quantity,29239,69,69,599,667,677,0.268491580146693,0.0217994999521877,0.2511783775761155,1b6b84deb2b845abca82df6d98abdae1d2e8d682005decb2759a2810247007cc
venue_year_topic,impact,top10,M3_performance,29239,69,69,599,667,677,0.2681569749949959,0.0213520533913206,0.2508358530531367,1b6b84deb2b845abca82df6d98abdae1d2e8d682005decb2759a2810247007cc
venue_year_topic,impact,top10,M3_memory,29239,69,69,599,667,677,0.2681549315458705,0.0213493208144943,0.250833761240045,1b6b84deb2b845abca82df6d98abdae1d2e8d682005decb2759a2810247007cc
venue_year_topic,impact,top10,M3_api,29239,69,69,599,667,677,0.2682173742276459,0.0214328215109719,0.250897681803372,1b6b84deb2b845abca82df6d98abdae1d2e8d682005decb2759a2810247007cc
venue_year_topic,impact,top5,M2_context,29239,69,69,599,667,676,0.2063561991830457,0.0164395945774683,0.187600831555295,1b6b84deb2b845abca82df6d98abdae1d2e8d682005decb2759a2810247007cc
venue_year_topic,impact,top5,M3_quantity,29239,69,69,599,667,677,0.20661364046746,0.0167586407967046,0.1878359225540086,1b6b84deb2b845abca82df6d98abdae1d2e8d682005decb2759a2810247007cc
venue_year_topic,impact,top5,M3_performance,29239,69,69,599,667,677,0.2065388846953161,0.0166659961902932,0.1877593974764251,1b6b84deb2b845abca82df6d98abdae1d2e8d682005decb2759a2810247007cc
venue_year_topic,impact,top5,M3_memory,29239,69,69,599,667,677,0.2064895110326428,0.0166048075567699,0.187708855247266,1b6b84deb2b845abca82df6d98abdae1d2e8d682005decb2759a2810247007cc
venue_year_topic,impact,top5,M3_api,29239,69,69,599,667,677,0.206481520580419,0.0165949050130588,0.1877006756785341,1b6b84deb2b845abca82df6d98abdae1d2e8d682005decb2759a2810247007cc
venue_year_topic,impact,top1,M2_context,29239,69,69,599,667,676,0.0967447593932492,0.0075900108721501,0.0753990573518125,1b6b84deb2b845abca82df6d98abdae1d2e8d682005decb2759a2810247007cc
venue_year_topic,impact,top1,M3_quantity,29239,69,69,599,667,677,0.0969250545194724,0.0077881018172243,0.0755512479532363,1b6b84deb2b845abca82df6d98abdae1d2e8d682005decb2759a2810247007cc
venue_year_topic,impact,top1,M3_performance,29239,69,69,599,667,677,0.0969828942614436,0.0078516505630498,0.0756104566352527,1b6b84deb2b845abca82df6d98abdae1d2e8d682005decb2759a2810247007cc
venue_year_topic,impact,top1,M3_memory,29239,69,69,599,667,677,0.0969139403578491,0.0077758906453209,0.0755398707437432,1b6b84deb2b845abca82df6d98abdae1d2e8d682005decb2759a2810247007cc
venue_year_topic,impact,top1,M3_api,29239,69,69,599,667,677,0.0969991560105216,0.0078695174089867,0.0756271032643243,1b6b84deb2b845abca82df6d98abdae1d2e8d682005decb2759a2810247007cc
