specification,family,outcome,resource,restricted_model,full_model,delta_r2,delta_within_r2,partial_r2,wald_f,wald_p,numerator_df,denominator_df,n,clusters,sample_sha256
venue_year_topic,impact,cumulative_citations,quantity,M2_context,M3_quantity,0.0002119484634218,0.0004804699911474,0.0004999350905082,9.686447608576506,0.0027143564149121,1,68,29239,69,1b6b84deb2b845abca82df6d98abdae1d2e8d682005decb2759a2810247007cc
venue_year_topic,impact,cumulative_citations,performance,M2_context,M3_performance,1.7990481362014724e-05,4.078296337321806e-05,4.243518817168098e-05,1.525368094087827,0.2210593799556825,1,68,29239,69,1b6b84deb2b845abca82df6d98abdae1d2e8d682005decb2759a2810247007cc
venue_year_topic,impact,cumulative_citations,memory,M2_context,M3_memory,1.0505648158365957e-05,2.3815453040583507e-05,2.478027949863636e-05,0.5168978206341677,0.4746314270058929,1,68,29239,69,1b6b84deb2b845abca82df6d98abdae1d2e8d682005decb2759a2810247007cc
venue_year_topic,impact,cumulative_citations,api,M2_context,M3_api,5.7506345090778464e-05,0.0001303622242435,0.000135643539819,3.144364907814801,0.0806676077794462,1,68,29239,69,1b6b84deb2b845abca82df6d98abdae1d2e8d682005decb2759a2810247007cc
venue_year_topic,impact,top10,quantity,M2_context,M3_quantity,0.0003534670282693,0.0004726693697836,0.0004829695801969,13.855857982824906,0.0004026626735926,1,68,29239,69,1b6b84deb2b845abca82df6d98abdae1d2e8d682005decb2759a2810247007cc
venue_year_topic,impact,top10,performance,M2_context,M3_performance,1.8861876572174534e-05,2.522280891645958e-05,2.5772453669563216e-05,0.7773256233460984,0.3810661822949436,1,68,29239,69,1b6b84deb2b845abca82df6d98abdae1d2e8d682005decb2759a2810247007cc
venue_year_topic,impact,top10,memory,M2_context,M3_memory,1.6818427446783986e-05,2.2490232090235007e-05,2.298032968822354e-05,0.5605994357954521,0.4566009126898238,1,68,29239,69,1b6b84deb2b845abca82df6d98abdae1d2e8d682005decb2759a2810247007cc
venue_year_topic,impact,top10,api,M2_context,M3_api,7.926110922208111e-05,0.0001059909285677,0.0001083006379247,2.2032887924016573,0.1423375347937969,1,68,29239,69,1b6b84deb2b845abca82df6d98abdae1d2e8d682005decb2759a2810247007cc
venue_year_topic,impact,top5,quantity,M2_context,M3_quantity,0.0002574412844143,0.0003190462192363,0.0003243788764547,7.673571430878495,0.0072181709911296,1,68,29239,69,1b6b84deb2b845abca82df6d98abdae1d2e8d682005decb2759a2810247007cc
venue_year_topic,impact,top5,performance,M2_context,M3_performance,0.0001826855122703,0.0002264016128249,0.0002301857736207,5.383424336218885,0.0233371433179956,1,68,29239,69,1b6b84deb2b845abca82df6d98abdae1d2e8d682005decb2759a2810247007cc
venue_year_topic,impact,top5,memory,M2_context,M3_memory,0.000133311849597,0.0001652129793016,0.0001679744105098,3.429467176014166,0.0683844080161067,1,68,29239,69,1b6b84deb2b845abca82df6d98abdae1d2e8d682005decb2759a2810247007cc
venue_year_topic,impact,top5,api,M2_context,M3_api,0.0001253213973732,0.0001553104355904,0.0001579063519985,4.159890864005065,0.0452799709123151,1,68,29239,69,1b6b84deb2b845abca82df6d98abdae1d2e8d682005decb2759a2810247007cc
venue_year_topic,impact,top1,quantity,M2_context,M3_quantity,0.0001802951262232,0.0001980909450742,0.0001996059564538,3.486149657670344,0.0661954841597351,1,68,29239,69,1b6b84deb2b845abca82df6d98abdae1d2e8d682005decb2759a2810247007cc
venue_year_topic,impact,top1,performance,M2_context,M3_performance,0.0002381348681944,0.0002616396908996,0.000263640726883,6.225860553104821,0.0150226188199519,1,68,29239,69,1b6b84deb2b845abca82df6d98abdae1d2e8d682005decb2759a2810247007cc
venue_year_topic,impact,top1,memory,M2_context,M3_memory,0.0001691809645999,0.0001858797731707,0.0001873013927783,6.006363298115172,0.0168312700858748,1,68,29239,69,1b6b84deb2b845abca82df6d98abdae1d2e8d682005decb2759a2810247007cc
venue_year_topic,impact,top1,api,M2_context,M3_api,0.0002543966172724,0.0002795065368366,0.0002816442195249,8.842638039998402,0.0040687924756091,1,68,29239,69,1b6b84deb2b845abca82df6d98abdae1d2e8d682005decb2759a2810247007cc
