family,outcome,comparison,restricted_model,full_model,tested_terms,delta_r2,delta_within_r2,partial_r2,wald_f,wald_p,numerator_df,denominator_df,n,clusters,sample_sha256,wald_p_holm,reject_holm_05
impact,cumulative_citations,hardware_block_increment,M0,M1,"[""quantity_centered"", ""performance_centered"", ""memory_centered""]",0.0030302438163074,0.0068884573825671,0.0071011729880688,25.584320821010618,3.4240409605380106e-11,3,68,29487,69,d6807e4979873472ffa7565585fbeba4d5951f0ac229c12a9e95f5a10513ffb7,1.3696163842152042e-10,True
impact,cumulative_citations,api_increment,M1,M2,"[""api""]",0.0008697830038133,0.0019772214769011,0.0020528557719841,17.06386614066888,0.0001011354458725,1,68,29487,69,d6807e4979873472ffa7565585fbeba4d5951f0ac229c12a9e95f5a10513ffb7,0.0004045417834902,True
impact,cumulative_citations,M3_quantity_increment,M2,M3_quantity,"[""api_x_quantity""]",1.223455216328992e-07,2.781201655064032e-07,2.8935304590065497e-07,0.0051796770646313,0.9428370674136888,1,68,29487,69,d6807e4979873472ffa7565585fbeba4d5951f0ac229c12a9e95f5a10513ffb7,1.0,False
impact,cumulative_citations,M3_performance_increment,M2,M3_performance,"[""api_x_performance""]",2.3016136268237923e-06,5.2321094738942536e-06,5.443426980565779e-06,0.1129642306191738,0.7378292317482594,1,68,29487,69,d6807e4979873472ffa7565585fbeba4d5951f0ac229c12a9e95f5a10513ffb7,1.0,False
impact,cumulative_citations,M3_memory_increment,M2,M3_memory,"[""api_x_memory""]",5.9237748285917755e-08,1.34661343853193e-07,1.4010012520325405e-07,0.0028846987041734,0.9573241824414924,1,68,29487,69,d6807e4979873472ffa7565585fbeba4d5951f0ac229c12a9e95f5a10513ffb7,1.0,False
impact,top10,hardware_block_increment,M0,M1,"[""quantity_centered"", ""performance_centered"", ""memory_centered""]",0.0029669189602257,0.0039854477732561,0.0040499573425127,21.194527490095084,8.393567117284862e-10,3,68,29487,69,d6807e4979873472ffa7565585fbeba4d5951f0ac229c12a9e95f5a10513ffb7,2.518070135185459e-09,True
impact,top10,api_increment,M1,M2,"[""api""]",0.0008974200918192,0.0012055000337266,0.0012299940168034,11.871250403202325,0.0009812138175761,1,68,29487,69,d6807e4979873472ffa7565585fbeba4d5951f0ac229c12a9e95f5a10513ffb7,0.0029436414527283,True
impact,top10,M3_quantity_increment,M2,M3_quantity,"[""api_x_quantity""]",4.122015185063305e-09,5.537082900096625e-09,5.656545777206e-09,0.0001463630644474,0.990382804484058,1,68,29487,69,d6807e4979873472ffa7565585fbeba4d5951f0ac229c12a9e95f5a10513ffb7,1.0,False
impact,top10,M3_performance_increment,M2,M3_performance,"[""api_x_performance""]",3.072341964667964e-07,4.127061981105e-07,4.216103577044066e-07,0.0059153450334386,0.9389199743890904,1,68,29487,69,d6807e4979873472ffa7565585fbeba4d5951f0ac229c12a9e95f5a10513ffb7,1.0,False
impact,top10,M3_memory_increment,M2,M3_memory,"[""api_x_memory""]",6.101952776293974e-07,8.196723412676027e-07,8.373568184447632e-07,0.0145043390924357,0.9044945324774112,1,68,29487,69,d6807e4979873472ffa7565585fbeba4d5951f0ac229c12a9e95f5a10513ffb7,1.0,False
impact,top5,hardware_block_increment,M0,M1,"[""quantity_centered"", ""performance_centered"", ""memory_centered""]",0.0026909022334142,0.0033591259223324,0.0034002410490667,15.738471454106998,7.109624589507125e-08,3,68,29487,69,d6807e4979873472ffa7565585fbeba4d5951f0ac229c12a9e95f5a10513ffb7,1.421924917901425e-07,True
impact,top5,api_increment,M1,M2,"[""api""]",0.0006157070004428,0.0007686036750302,0.000780665704121,11.527236088620716,0.0011485934286448,1,68,29487,69,d6807e4979873472ffa7565585fbeba4d5951f0ac229c12a9e95f5a10513ffb7,0.0029436414527283,True
impact,top5,M3_quantity_increment,M2,M3_quantity,"[""api_x_quantity""]",1.2970401183733786e-08,1.6191302046693452e-08,1.6458247524937542e-08,0.0004557528133983,0.9830302808508872,1,68,29487,69,d6807e4979873472ffa7565585fbeba4d5951f0ac229c12a9e95f5a10513ffb7,1.0,False
impact,top5,M3_performance_increment,M2,M3_performance,"[""api_x_performance""]",2.5506109538616604e-05,3.1839965296810256e-05,3.236490978483974e-05,0.4342376404343226,0.5121422142985607,1,68,29487,69,d6807e4979873472ffa7565585fbeba4d5951f0ac229c12a9e95f5a10513ffb7,1.0,False
impact,top5,M3_memory_increment,M2,M3_memory,"[""api_x_memory""]",1.2944570201700346e-07,1.6159056534288586e-07,1.6425470381802465e-07,0.0028896154776123,0.9572878644069772,1,68,29487,69,d6807e4979873472ffa7565585fbeba4d5951f0ac229c12a9e95f5a10513ffb7,1.0,False
impact,top1,hardware_block_increment,M0,M1,"[""quantity_centered"", ""performance_centered"", ""memory_centered""]",0.0017828876684077,0.0019654590850849,0.0019764199762826,8.909689759409822,4.65664786708186e-05,3,68,29487,69,d6807e4979873472ffa7565585fbeba4d5951f0ac229c12a9e95f5a10513ffb7,4.65664786708186e-05,True
impact,top1,api_increment,M1,M2,"[""api""]",5.869378828612385e-05,6.470415465268104e-05,6.519384453151861e-05,2.815781530983053,0.0979321319659635,1,68,29487,69,d6807e4979873472ffa7565585fbeba4d5951f0ac229c12a9e95f5a10513ffb7,0.0979321319659635,False
impact,top1,M3_quantity_increment,M2,M3_quantity,"[""api_x_quantity""]",4.864097790279067e-05,5.362191551407961e-05,5.403125599895602e-05,1.147090407145222,0.2879457821560486,1,68,29487,69,d6807e4979873472ffa7565585fbeba4d5951f0ac229c12a9e95f5a10513ffb7,1.0,False
impact,top1,M3_performance_increment,M2,M3_performance,"[""api_x_performance""]",2.796451080588367e-06,3.0828135051528832e-06,3.1063471734839126e-06,0.0994028389939089,0.7535129601457032,1,68,29487,69,d6807e4979873472ffa7565585fbeba4d5951f0ac229c12a9e95f5a10513ffb7,1.0,False
impact,top1,M3_memory_increment,M2,M3_memory,"[""api_x_memory""]",3.4979785520227872e-06,3.856178853177767e-06,3.885616259626171e-06,0.1917822079775241,0.6628253824387428,1,68,29487,69,d6807e4979873472ffa7565585fbeba4d5951f0ac229c12a9e95f5a10513ffb7,1.0,False
