family,outcome,model,n,clusters,venue_year_levels,topic_levels,fe_rank,design_rank,r2,within_r2,sse,sample_sha256
impact,cumulative_citations,M0,29487,69,69,671,739,743,0.5732755952574684,0.0299549955844024,30335.70708752705,d6807e4979873472ffa7565585fbeba4d5951f0ac229c12a9e95f5a10513ffb7
impact,cumulative_citations,M1,29487,69,69,671,739,746,0.5763058390737759,0.0368434529669696,30120.28798378314,d6807e4979873472ffa7565585fbeba4d5951f0ac229c12a9e95f5a10513ffb7
impact,cumulative_citations,M2,29487,69,69,671,739,747,0.5771756220775892,0.0388206744438707,30058.455376741804,d6807e4979873472ffa7565585fbeba4d5951f0ac229c12a9e95f5a10513ffb7
impact,cumulative_citations,M3_quantity,29487,69,69,671,739,748,0.5771757444231109,0.0388209525640362,30058.446679236185,d6807e4979873472ffa7565585fbeba4d5951f0ac229c12a9e95f5a10513ffb7
impact,cumulative_citations,M3_performance,29487,69,69,671,739,748,0.577177923691216,0.0388259065533446,30058.29175573481,d6807e4979873472ffa7565585fbeba4d5951f0ac229c12a9e95f5a10513ffb7
impact,cumulative_citations,M3_memory,29487,69,69,671,739,748,0.5771756813153375,0.0388208091052145,30058.45116554844,d6807e4979873472ffa7565585fbeba4d5951f0ac229c12a9e95f5a10513ffb7
impact,top10,M0,29487,69,69,671,739,743,0.2674197011702305,0.0159284564751799,4551.185975372042,d6807e4979873472ffa7565585fbeba4d5951f0ac229c12a9e95f5a10513ffb7
impact,top10,M1,29487,69,69,671,739,746,0.2703866201304563,0.019913904248436,4532.753866313943,d6807e4979873472ffa7565585fbeba4d5951f0ac229c12a9e95f5a10513ffb7
impact,top10,M2,29487,69,69,671,739,747,0.2712840402222756,0.0211194042821627,4527.178606178734,d6807e4979873472ffa7565585fbeba4d5951f0ac229c12a9e95f5a10513ffb7
impact,top10,M3_quantity,29487,69,69,671,739,748,0.2712840443442907,0.0211194098192456,4527.178580570541,d6807e4979873472ffa7565585fbeba4d5951f0ac229c12a9e95f5a10513ffb7
impact,top10,M3_performance,29487,69,69,671,739,748,0.271284347456472,0.0211198169883608,4527.176697473343,d6807e4979873472ffa7565585fbeba4d5951f0ac229c12a9e95f5a10513ffb7
impact,top10,M3_memory,29487,69,69,671,739,748,0.2712846504175532,0.0211202239545039,4527.17481531486,d6807e4979873472ffa7565585fbeba4d5951f0ac229c12a9e95f5a10513ffb7
impact,top5,M0,29487,69,69,671,739,743,0.2086142733460755,0.0120918270619725,3447.037094608782,d6807e4979873472ffa7565585fbeba4d5951f0ac229c12a9e95f5a10513ffb7
impact,top5,M1,29487,69,69,671,739,746,0.2113051755794897,0.0154509529843049,3435.316337582037,d6807e4979873472ffa7565585fbeba4d5951f0ac229c12a9e95f5a10513ffb7
impact,top5,M2,29487,69,69,671,739,747,0.2119208825799325,0.0162195566593351,3432.63450393448,d6807e4979873472ffa7565585fbeba4d5951f0ac229c12a9e95f5a10513ffb7
impact,top5,M3_quantity,29487,69,69,671,739,748,0.2119208955503337,0.0162195728506372,3432.634447439332,d6807e4979873472ffa7565585fbeba4d5951f0ac229c12a9e95f5a10513ffb7
impact,top5,M3_performance,29487,69,69,671,739,748,0.2119463886894712,0.016251396624632,3432.523407028436,d6807e4979873472ffa7565585fbeba4d5951f0ac229c12a9e95f5a10513ffb7
impact,top5,M3_memory,29487,69,69,671,739,748,0.2119210120256346,0.0162197182499005,3432.6339401081163,d6807e4979873472ffa7565585fbeba4d5951f0ac229c12a9e95f5a10513ffb7
impact,top1,M0,29487,69,69,671,739,743,0.0979206394376251,0.005545831012262,1224.1561699661672,d6807e4979873472ffa7565585fbeba4d5951f0ac229c12a9e95f5a10513ffb7
impact,top1,M1,29487,69,69,671,739,746,0.0997035271060329,0.0075112900973469,1221.7367232577565,d6807e4979873472ffa7565585fbeba4d5951f0ac229c12a9e95f5a10513ffb7
impact,top1,M2,29487,69,69,671,739,747,0.0997622208943189,0.0075759942519996,1221.657073543762,d6807e4979873472ffa7565585fbeba4d5951f0ac229c12a9e95f5a10513ffb7
impact,top1,M3_quantity,29487,69,69,671,739,748,0.0998108618722217,0.0076296161675136,1221.5910658776784,d6807e4979873472ffa7565585fbeba4d5951f0ac229c12a9e95f5a10513ffb7
impact,top1,M3_performance,29487,69,69,671,739,748,0.0997650173453995,0.0075790770655047,1221.6532786527646,d6807e4979873472ffa7565585fbeba4d5951f0ac229c12a9e95f5a10513ffb7
impact,top1,M3_memory,29487,69,69,671,739,748,0.099765718872871,0.0075798504308527,1221.6523266531733,d6807e4979873472ffa7565585fbeba4d5951f0ac229c12a9e95f5a10513ffb7
