rule_id,pattern,normalized_pattern,source_group,source_table_name,source_row_id,source_id,candidate_labels,recall_tier,confidence,match_type,case_sensitive,word_boundary,notes
RECALL_AMB_000001,\\btrained on\\s+\\d+\\s+(GPUs?|TPUs?|A100s?|V100s?|H100s?)\\b,trained_on_n_accelerators,active,ambiguous_compute_patterns.csv,AMB_0001,SRC_MANUAL,L1_INTERNAL,tier_1_high_precision,high,regex,false,false,Concrete hardware use without cloud/public source maps to internal/direct compute.
RECALL_AMB_000002,\\brun on\\s+\\d+\\s+(GPUs?|TPUs?|CPUs?)\\b,run_on_n_devices,active,ambiguous_compute_patterns.csv,AMB_0002,SRC_MANUAL,L1_INTERNAL,tier_1_high_precision,high,regex,false,false,Concrete hardware use without cloud/public source maps to internal/direct compute.
RECALL_AMB_000003,\\busing\\s+\\d+\\s+(GPUs?|TPUs?|A100s?|V100s?|H100s?)\\b,using_n_accelerators,active,ambiguous_compute_patterns.csv,AMB_0003,SRC_MANUAL,L1_INTERNAL,tier_1_high_precision,high,regex,false,false,Concrete hardware use without cloud/public source maps to internal/direct compute.
RECALL_AMB_000004,\\b(on|using|with)\\s+(an?\\s+)?(NVIDIA\\s+)?(A100|V100|H100|T4|A10G|RTX\\s?3090|RTX\\s?4090)\\b,specific_gpu_without_source,active,ambiguous_compute_patterns.csv,AMB_0004,SRC_MANUAL,L1_INTERNAL,tier_1_high_precision,high,regex,false,false,Specific accelerator without cloud/public source maps to internal/direct compute.
RECALL_AMB_000005,\\bGPU cluster\\b,gpu_cluster,active,ambiguous_compute_patterns.csv,AMB_0005,SRC_MANUAL,L1_INTERNAL,tier_1_high_precision,medium,regex,false,true,Concrete GPU cluster without cloud/public source maps to internal/direct compute.
RECALL_AMB_000006,\\bcompute cluster\\b,compute_cluster,active,ambiguous_compute_patterns.csv,AMB_0006,SRC_MANUAL,L6_AMBIGUOUS_COMPUTE,tier_1_high_precision,medium,regex,false,true,Ambiguous unless source is named.
RECALL_AMB_000007,\\bhigh[- ]performance computing\\b,high_performance_computing,active,ambiguous_compute_patterns.csv,AMB_0007,SRC_MANUAL,L6_AMBIGUOUS_COMPUTE,tier_1_high_precision,medium,regex,false,true,May be resource or field; context needed.
RECALL_AMB_000008,\\bexperiments? (were )?(run|conducted|performed) on\\b,experiments_run_on_resource,active,ambiguous_compute_patterns.csv,AMB_0008,SRC_MANUAL,L6_AMBIGUOUS_COMPUTE,tier_1_high_precision,medium,regex,false,false,Requires nearby hardware/platform term.
RECALL_AMB_000009,\\btraining (was )?(performed|conducted|run) on\\b,training_run_on_resource,active,ambiguous_compute_patterns.csv,AMB_0009,SRC_MANUAL,L6_AMBIGUOUS_COMPUTE,tier_1_high_precision,medium,regex,false,false,Requires nearby hardware/platform term.
RECALL_AMB_000010,\\binference (was )?(performed|run|conducted) on\\b,inference_run_on_resource,active,ambiguous_compute_patterns.csv,AMB_0010,SRC_MANUAL,L6_AMBIGUOUS_COMPUTE,tier_1_high_precision,medium,regex,false,false,Requires nearby hardware/platform term.
RECALL_AMB_000011,\\bGPU hours?\\b,gpu_hours,active,ambiguous_compute_patterns.csv,AMB_0011,SRC_MANUAL,L1_INTERNAL,tier_1_high_precision,high,regex,false,true,Concrete GPU usage amount without cloud/public source maps to internal/direct compute.
RECALL_AMB_000012,\\bTPU hours?\\b,tpu_hours,active,ambiguous_compute_patterns.csv,AMB_0012,SRC_MANUAL,L1_INTERNAL,tier_1_high_precision,high,regex,false,true,Concrete TPU usage amount without cloud/public source maps to internal/direct compute.
RECALL_AMB_000013,\\bnode hours?\\b,node_hours,active,ambiguous_compute_patterns.csv,AMB_0013,SRC_MANUAL,L6_AMBIGUOUS_COMPUTE,tier_1_high_precision,medium,regex,false,true,Compute allocation amount; source may be unclear.
RECALL_AMB_000014,\\bwall[- ]clock time on\\b,wall_clock_time_on_resource,active,ambiguous_compute_patterns.csv,AMB_0014,SRC_MANUAL,L6_AMBIGUOUS_COMPUTE,tier_1_high_precision,low,regex,false,false,Weak resource-use phrase.
RECALL_AMB_000015,\\bwe\\s+(train|trained|fine[- ]?tune|fine[- ]?tuned|pre[- ]?train|pre[- ]?trained)\\b,we_train_or_finetune,active,ambiguous_compute_patterns.csv,AMB_0015,SRC_MANUAL,L6_AMBIGUOUS_COMPUTE,tier_1_high_precision,medium,regex,false,false,Explicit author action indicating compute use; source unclear unless cloud/public/internal evidence is nearby.
RECALL_AMB_000016,\\b(our|the)\\s+(model|network|system|method|framework|architecture)\\s+(is|was|has been|had been)?\\s*(trained|fine[- ]?tuned|pre[- ]?trained)\\b,model_trained_or_finetuned,active,ambiguous_compute_patterns.csv,AMB_0016,SRC_MANUAL,L6_AMBIGUOUS_COMPUTE,tier_1_high_precision,medium,regex,false,false,Model training or fine-tuning implies compute use when no resource source is named.
RECALL_AMB_000017,\\b(training|fine[- ]?tuning|pre[- ]?training)\\s+(was|is)\\s+(performed|conducted|carried out|done)\\b,training_process_performed,active,ambiguous_compute_patterns.csv,AMB_0017,SRC_MANUAL,L6_AMBIGUOUS_COMPUTE,tier_1_high_precision,medium,regex,false,false,Training process mention implies compute use; source unclear unless resource source is named.
RECALL_AMB_000018,\\b(after|during|before)\\s+(training|fine[- ]?tuning|pre[- ]?training)\\b,training_phase_mention,active,ambiguous_compute_patterns.csv,AMB_0018,SRC_MANUAL,L6_AMBIGUOUS_COMPUTE,tier_1_high_precision,low,regex,false,false,Training phase mention is a weak compute-use cue; review for background or dataset-only use.
RECALL_AMB_000019,\\btrained\\s+from\\s+scratch\\b,trained_from_scratch,active,ambiguous_compute_patterns.csv,AMB_0019,SRC_MANUAL,L6_AMBIGUOUS_COMPUTE,tier_1_high_precision,high,regex,false,false,Training from scratch is explicit compute use; source unclear unless resource source is named.
RECALL_AMB_000020,\\bfine[- ]?tuned\\s+(on|for|with)\\b,finetuned_on_for_with,active,ambiguous_compute_patterns.csv,AMB_0020,SRC_MANUAL,L6_AMBIGUOUS_COMPUTE,tier_1_high_precision,medium,regex,false,false,Fine-tuning action implies compute use; may also co-occur with L5 if an open/pretrained model is named.
RECALL_AMB_000021,\\bpre[- ]?trained\\s+(from\\s+scratch|for\\s+\\d+|on\\s+(?:the\\s+)?(?:dataset|corpus|data))\\b,pretrained_process,active,ambiguous_compute_patterns.csv,AMB_0021,SRC_MANUAL,L6_AMBIGUOUS_COMPUTE,tier_1_high_precision,medium,regex,false,false,Pretraining process implies compute use; plain 'pretrained model' alone should usually be handled as L5 context instead.
RECALL_AMB_000022,\\b(inference|prediction|evaluation|experiments?)\\s+(was|were|is|are)\\s+(performed|conducted|run|carried out)\\b,compute_process_performed,active,ambiguous_compute_patterns.csv,AMB_0022,SRC_MANUAL,L6_AMBIGUOUS_COMPUTE,tier_1_high_precision,low,regex,false,false,"Inference/evaluation/experiment execution can imply compute use, but may be weak without model or resource context."
RECALL_WEAK_000023,\bwe\s+(train|trained|fine[- ]?tune|fine[- ]?tuned|pre[- ]?train|pre[- ]?trained)\b,we_train_or_finetune,generated,weak_recall_patterns,we_train_or_finetune,SRC_GENERATED_RECALL,L6_AMBIGUOUS_COMPUTE,tier_3_weak_context,medium,regex,false,false,Generated weak high-recall process/resource pattern for candidate extraction only.
RECALL_WEAK_000024,\b(our|the)\s+(model|network|system|method|framework|architecture)\s+(is|was|has been|had been)?\s*(trained|fine[- ]?tuned|pre[- ]?trained)\b,model_trained_or_finetuned,generated,weak_recall_patterns,model_trained_or_finetuned,SRC_GENERATED_RECALL,L6_AMBIGUOUS_COMPUTE,tier_3_weak_context,medium,regex,false,false,Generated weak high-recall process/resource pattern for candidate extraction only.
RECALL_WEAK_000025,\b(training|fine[- ]?tuning|pre[- ]?training)\s+(was|is)\s+(performed|conducted|carried out|done)\b,training_process_performed,generated,weak_recall_patterns,training_process_performed,SRC_GENERATED_RECALL,L6_AMBIGUOUS_COMPUTE,tier_3_weak_context,medium,regex,false,false,Generated weak high-recall process/resource pattern for candidate extraction only.
RECALL_WEAK_000026,\btrained\s+from\s+scratch\b,trained_from_scratch,generated,weak_recall_patterns,trained_from_scratch,SRC_GENERATED_RECALL,L6_AMBIGUOUS_COMPUTE,tier_3_weak_context,high,regex,false,false,Generated weak high-recall process/resource pattern for candidate extraction only.
RECALL_WEAK_000027,\bfine[- ]?tuned\s+(on|for|with)\b,finetuned_on_for_with,generated,weak_recall_patterns,finetuned_on_for_with,SRC_GENERATED_RECALL,L6_AMBIGUOUS_COMPUTE,tier_3_weak_context,medium,regex,false,false,Generated weak high-recall process/resource pattern for candidate extraction only.
RECALL_WEAK_000028,\bpre[- ]?trained\s+(from\s+scratch|for\s+\d+|on\s+(?:the\s+)?(?:dataset|corpus|data))\b,pretrained_process,generated,weak_recall_patterns,pretrained_process,SRC_GENERATED_RECALL,L6_AMBIGUOUS_COMPUTE,tier_3_weak_context,medium,regex,false,false,Generated weak high-recall process/resource pattern for candidate extraction only.
RECALL_WEAK_000029,\b(inference|prediction|evaluation|experiments?)\s+(was|were|is|are)\s+(performed|conducted|run|carried out)\b,compute_process_performed,generated,weak_recall_patterns,compute_process_performed,SRC_GENERATED_RECALL,L6_AMBIGUOUS_COMPUTE,tier_3_weak_context,medium,regex,false,false,Generated weak high-recall process/resource pattern for candidate extraction only.
RECALL_WEAK_000030,\b(training|fine[- ]?tuning|pre[- ]?training|inference|evaluation|experiments?)\b,weak_compute_process_word,generated,weak_recall_patterns,weak_compute_process_word,SRC_GENERATED_RECALL,L6_AMBIGUOUS_COMPUTE,tier_3_weak_context,low,regex,false,false,Generated weak high-recall process/resource pattern for candidate extraction only.
RECALL_WEAK_000031,\b(compute|computing|runtime|run time|memory|server|node|cluster|accelerator|GPU|GPUs|TPU|TPUs|CPU|CPUs)\b,weak_resource_word,generated,weak_recall_patterns,weak_resource_word,SRC_GENERATED_RECALL,L6_AMBIGUOUS_COMPUTE,tier_3_weak_context,low,regex,false,false,Generated weak high-recall process/resource pattern for candidate extraction only.
RECALL_WEAK_000032,\b(batch size|epochs?|wall[- ]clock|GPU hours?|TPU hours?|node hours?)\b,weak_training_config_word,generated,weak_recall_patterns,weak_training_config_word,SRC_GENERATED_RECALL,L6_AMBIGUOUS_COMPUTE,tier_3_weak_context,low,regex,false,false,Generated weak high-recall process/resource pattern for candidate extraction only.
RECALL_L5_CONTEXT_000033,"\b(pre[- ]?trained|pretrained|publicly released|off[- ]the[- ]shelf)\s+(?:\w+\s+){0,4}(models?|weights?|checkpoints?|backbones?|encoders?|detectors?|feature extractors?)\b",open_model_reuse_context,generated,gold_audit_patterns,open_model_reuse_context,SRC_MANUAL,L5_OPEN_MODEL,tier_2_broad_recall,medium,regex,false,false,Gold-audit L5 recall context for reused public/pretrained artifacts.
RECALL_L5_CONTEXT_000034,"\b(initiali[sz]e[ds]?|loaded|adopt(?:ed)?|employ(?:ed)?|use[sd]?|using)\s+(?:\w+\s+){0,6}(?:pre[- ]?trained|pretrained|publicly released)\b",pretrained_reuse_action,generated,gold_audit_patterns,pretrained_reuse_action,SRC_MANUAL,L5_OPEN_MODEL,tier_2_broad_recall,medium,regex,false,false,Gold-audit L5 recall context for initialization/loading/adoption of pretrained artifacts.
RECALL_L5_CONTEXT_000035,"\b(?:backbone|encoder|decoder|detector|feature extractor|embedding model)s?\s+(?:\w+\s+){0,5}(?:pre[- ]?trained|loaded|checkpoint|weights|initialized\s+(?:from|with)\s+pre[- ]?trained)\b",component_reuse_context,generated,gold_audit_patterns,component_reuse_context,SRC_MANUAL,L5_OPEN_MODEL,tier_2_broad_recall,medium,regex,false,false,Gold-audit L5 recall context for reused backbones/encoders/detectors/features.
