rule_id,rule_name,rule_type,pattern_or_table,labels,exclude_if_labels,confidence,evidence_scope,requires_any,excludes_any,notes
RULE_0001,internal_hardware_entity_term,term_table,internal_terms.csv,L1_INTERNAL,L2_CLOUD|L3_PUBLIC_HPC|L7_NO_COMPUTE,high,sentence,train|trained|training|run|ran|use|used|using|experiment|evaluation|inference|GPU|TPU|CPU|accelerator|server|node,,Internal terms are concrete hardware entities only. They map to L1 under the current policy unless cloud or public/HPC evidence overrides the same resource span.
RULE_0002,cloud_resource_term,term_table,cloud_terms.csv,L2_CLOUD,L6_AMBIGUOUS_COMPUTE|L7_NO_COMPUTE,high,sentence,train|trained|training|run|ran|use|used|using|experiment|evaluation|inference|instance|VM|TPU|GPU,,Cloud terms override ambiguous compute for the same resource span.
RULE_0003,public_hpc_resource_term,term_table,public_hpc_terms.csv,L3_PUBLIC_HPC,L6_AMBIGUOUS_COMPUTE|L7_NO_COMPUTE,high,sentence,train|trained|training|run|ran|use|used|using|experiment|allocation|supercomputer|HPC|cluster,,Public/HPC terms override ambiguous compute for the same resource span.
RULE_0004,external_model_api_term,term_table,api_terms.csv,L4_EXTERNAL_API,L7_NO_COMPUTE,high,sentence,call|called|query|queried|prompt|prompted|API|endpoint|access|use|used|using,,External hosted model APIs are independent labels.
RULE_0005,open_model_reuse_term,term_table,open_model_terms.csv,L5_OPEN_MODEL,L7_NO_COMPUTE,medium,sentence,use|used|using|fine-tune|finetune|fine-tuned|initialize|initialized|checkpoint|pretrained|pre-trained|embed|embedding|baseline,,Model names alone need use context.
RULE_0006,hardware_source_manifest,metadata,hardware_terms_manifest.csv,L1_INTERNAL,L2_CLOUD|L3_PUBLIC_HPC|L7_NO_COMPUTE,medium,sentence,,,hardware_terms_manifest.csv documents how internal_terms.csv is generated from ml_hardware.xlsx; matching should use internal_terms.csv rather than this manifest directly.
RULE_0007,compute_pattern,pattern_table,ambiguous_compute_patterns.csv,L1_INTERNAL|L6_AMBIGUOUS_COMPUTE,L2_CLOUD|L3_PUBLIC_HPC|L7_NO_COMPUTE,high,sentence,,,"Use the per-row labels in ambiguous_compute_patterns.csv: concrete hardware patterns map to L1, vague compute-resource patterns map to L6."
RULE_0008,no_compute_fallback,fallback,no_positive_labels,L7_NO_COMPUTE,L1_INTERNAL|L2_CLOUD|L3_PUBLIC_HPC|L4_EXTERNAL_API|L5_OPEN_MODEL|L6_AMBIGUOUS_COMPUTE,high,sentence,,,Apply only when no positive label is emitted.
RULE_0009,negative_pattern_suppression,negative_table,negative_patterns.csv,,,medium,sentence,,,Use before positive fallback and preserve suppressed terms for audit.
