benchmark_gpu_name,vram_gb,source_type,source_url,audit_note
NVIDIA A800 PCIe 40 GB,40,model_name_capacity,https://www.techpowerup.com/gpu-specs/a800-pcie-40-gb.c3964,Standardized model name explicitly identifies 40 GB
NVIDIA A800 PCIe 80 GB,80,model_name_capacity,https://www.techpowerup.com/gpu-specs/a800-pcie-80-gb.c3965,Standardized model name explicitly identifies 80 GB
NVIDIA Tesla V100 SXM2 16 GB,16,model_name_capacity,https://www.techpowerup.com/gpu-specs/tesla-v100-sxm2-16-gb.c3018,Standardized model name explicitly identifies 16 GB
NVIDIA Tesla V100 SXM3 32 GB,32,model_name_capacity,local_catalog_name,Standardized model name explicitly identifies 32 GB; catalog datasheet link is missing
NVIDIA Tesla P100 PCIe 12GB,12,model_name_capacity,https://www.techpowerup.com/gpu-specs/tesla-p100-pcie-12-gb.c2915,Standardized model name explicitly identifies 12 GB
NVIDIA Tesla P100 PCIe 16GB,16,model_name_capacity,https://www.techpowerup.com/gpu-specs/tesla-p100-pcie-16-gb.c2888,Standardized model name explicitly identifies 16 GB
NVIDIA Tesla P100 SXM2,16,model_name_capacity,local_catalog_name,Normalized family variant is the 16 GB P100 SXM2
NVIDIA RTX 6000 Ada Generation,48,official_spec,https://www.nvidia.com/en-us/products/workstations/rtx-6000/,NVIDIA official specification states 48 GB GDDR6
NVIDIA GH200,96,policy_default,https://docs.nvidia.com/grace-perf-tuning-guide/index.html,Main policy uses 96 GB HBM3; 144 GB HBM3e sensitivity is separate
