thinking,metric,scored_rows,tp,fp,fn,precision,recall,f1
disabled,record_detection,2698,1290,13,59,0.990023023791251,0.9562638991845812,0.9728506787330318
disabled,hardware_model_normalized,2698,1362,60,115,0.9578059071729957,0.9221394719025051,0.9396343566747154
disabled,hardware_model_strict_surface,2698,249,1178,1234,0.17449194113524877,0.16790289952798382,0.1711340206185567
disabled,quantity,832,853,19,30,0.9782110091743119,0.9660249150622876,0.972079772079772
disabled,joint_normalized,799,784,35,52,0.9572649572649573,0.937799043062201,0.9474320241691843
disabled,joint_strict_surface,799,89,730,747,0.10866910866910867,0.10645933014354067,0.10755287009063444
enabled,record_detection,2698,1305,2,44,0.9984697781178271,0.9673832468495182,0.9826807228915664
enabled,hardware_model_normalized,2698,1353,65,124,0.9541607898448519,0.9160460392687881,0.9347150259067357
enabled,hardware_model_strict_surface,2698,212,1211,1271,0.14898102600140548,0.14295347269049224,0.1459050240880936
enabled,quantity,832,832,17,51,0.9799764428739693,0.942242355605889,0.9607390300230947
enabled,joint_normalized,799,762,46,74,0.943069306930693,0.9114832535885168,0.927007299270073
enabled,joint_strict_surface,799,74,734,762,0.09158415841584158,0.08851674641148326,0.09002433090024331
